
LCD_float.elf:     file format elf32-avr

Sections:
Idx Name          Size      VMA       LMA       File off  Algn
  0 .data         00000018  00800100  000011f8  0000126c  2**0
                  CONTENTS, ALLOC, LOAD, DATA
  1 .text         000011f8  00000000  00000000  00000074  2**1
                  CONTENTS, ALLOC, LOAD, READONLY, CODE
  2 .comment      0000005c  00000000  00000000  00001284  2**0
                  CONTENTS, READONLY
  3 .note.gnu.avr.deviceinfo 00000040  00000000  00000000  000012e0  2**2
                  CONTENTS, READONLY
  4 .debug_aranges 00000048  00000000  00000000  00001320  2**0
                  CONTENTS, READONLY, DEBUGGING
  5 .debug_info   000010af  00000000  00000000  00001368  2**0
                  CONTENTS, READONLY, DEBUGGING
  6 .debug_abbrev 00000b2c  00000000  00000000  00002417  2**0
                  CONTENTS, READONLY, DEBUGGING
  7 .debug_line   000005aa  00000000  00000000  00002f43  2**0
                  CONTENTS, READONLY, DEBUGGING
  8 .debug_frame  00000094  00000000  00000000  000034f0  2**2
                  CONTENTS, READONLY, DEBUGGING
  9 .debug_str    0000054b  00000000  00000000  00003584  2**0
                  CONTENTS, READONLY, DEBUGGING
 10 .debug_loc    00000613  00000000  00000000  00003acf  2**0
                  CONTENTS, READONLY, DEBUGGING
 11 .debug_ranges 00000038  00000000  00000000  000040e2  2**0
                  CONTENTS, READONLY, DEBUGGING

Disassembly of section .text:

00000000 <__vectors>:
       0:	0c 94 e7 00 	jmp	0x1ce	; 0x1ce <__ctors_end>
       4:	0c 94 fc 00 	jmp	0x1f8	; 0x1f8 <__bad_interrupt>
       8:	0c 94 fc 00 	jmp	0x1f8	; 0x1f8 <__bad_interrupt>
       c:	0c 94 fc 00 	jmp	0x1f8	; 0x1f8 <__bad_interrupt>
      10:	0c 94 fc 00 	jmp	0x1f8	; 0x1f8 <__bad_interrupt>
      14:	0c 94 fc 00 	jmp	0x1f8	; 0x1f8 <__bad_interrupt>
      18:	0c 94 fc 00 	jmp	0x1f8	; 0x1f8 <__bad_interrupt>
      1c:	0c 94 fc 00 	jmp	0x1f8	; 0x1f8 <__bad_interrupt>
      20:	0c 94 fc 00 	jmp	0x1f8	; 0x1f8 <__bad_interrupt>
      24:	0c 94 fc 00 	jmp	0x1f8	; 0x1f8 <__bad_interrupt>
      28:	0c 94 fc 00 	jmp	0x1f8	; 0x1f8 <__bad_interrupt>
      2c:	0c 94 fc 00 	jmp	0x1f8	; 0x1f8 <__bad_interrupt>
      30:	0c 94 fc 00 	jmp	0x1f8	; 0x1f8 <__bad_interrupt>
      34:	0c 94 fc 00 	jmp	0x1f8	; 0x1f8 <__bad_interrupt>
      38:	0c 94 fc 00 	jmp	0x1f8	; 0x1f8 <__bad_interrupt>
      3c:	0c 94 fc 00 	jmp	0x1f8	; 0x1f8 <__bad_interrupt>
      40:	0c 94 fc 00 	jmp	0x1f8	; 0x1f8 <__bad_interrupt>
      44:	0c 94 fc 00 	jmp	0x1f8	; 0x1f8 <__bad_interrupt>
      48:	0c 94 fc 00 	jmp	0x1f8	; 0x1f8 <__bad_interrupt>
      4c:	0c 94 fc 00 	jmp	0x1f8	; 0x1f8 <__bad_interrupt>
      50:	0c 94 fc 00 	jmp	0x1f8	; 0x1f8 <__bad_interrupt>
      54:	0c 94 fc 00 	jmp	0x1f8	; 0x1f8 <__bad_interrupt>
      58:	0c 94 fc 00 	jmp	0x1f8	; 0x1f8 <__bad_interrupt>
      5c:	0c 94 fc 00 	jmp	0x1f8	; 0x1f8 <__bad_interrupt>
      60:	0c 94 fc 00 	jmp	0x1f8	; 0x1f8 <__bad_interrupt>
      64:	0c 94 fc 00 	jmp	0x1f8	; 0x1f8 <__bad_interrupt>
      68:	0c 94 fc 00 	jmp	0x1f8	; 0x1f8 <__bad_interrupt>
      6c:	0c 94 fc 00 	jmp	0x1f8	; 0x1f8 <__bad_interrupt>
      70:	0c 94 fc 00 	jmp	0x1f8	; 0x1f8 <__bad_interrupt>
      74:	0c 94 fc 00 	jmp	0x1f8	; 0x1f8 <__bad_interrupt>
      78:	0c 94 fc 00 	jmp	0x1f8	; 0x1f8 <__bad_interrupt>
      7c:	0c 94 fc 00 	jmp	0x1f8	; 0x1f8 <__bad_interrupt>
      80:	0c 94 fc 00 	jmp	0x1f8	; 0x1f8 <__bad_interrupt>
      84:	0c 94 fc 00 	jmp	0x1f8	; 0x1f8 <__bad_interrupt>
      88:	0c 94 fc 00 	jmp	0x1f8	; 0x1f8 <__bad_interrupt>
      8c:	0c 94 fc 00 	jmp	0x1f8	; 0x1f8 <__bad_interrupt>
      90:	0c 94 fc 00 	jmp	0x1f8	; 0x1f8 <__bad_interrupt>
      94:	0c 94 fc 00 	jmp	0x1f8	; 0x1f8 <__bad_interrupt>
      98:	0c 94 fc 00 	jmp	0x1f8	; 0x1f8 <__bad_interrupt>
      9c:	0c 94 fc 00 	jmp	0x1f8	; 0x1f8 <__bad_interrupt>
      a0:	0c 94 fc 00 	jmp	0x1f8	; 0x1f8 <__bad_interrupt>
      a4:	0c 94 fc 00 	jmp	0x1f8	; 0x1f8 <__bad_interrupt>
      a8:	0c 94 fc 00 	jmp	0x1f8	; 0x1f8 <__bad_interrupt>
      ac:	0c 94 fc 00 	jmp	0x1f8	; 0x1f8 <__bad_interrupt>
      b0:	0c 94 fc 00 	jmp	0x1f8	; 0x1f8 <__bad_interrupt>
      b4:	0c 94 fc 00 	jmp	0x1f8	; 0x1f8 <__bad_interrupt>
      b8:	0c 94 fc 00 	jmp	0x1f8	; 0x1f8 <__bad_interrupt>
      bc:	0c 94 fc 00 	jmp	0x1f8	; 0x1f8 <__bad_interrupt>
      c0:	0c 94 fc 00 	jmp	0x1f8	; 0x1f8 <__bad_interrupt>
      c4:	0c 94 fc 00 	jmp	0x1f8	; 0x1f8 <__bad_interrupt>
      c8:	0c 94 fc 00 	jmp	0x1f8	; 0x1f8 <__bad_interrupt>

000000cc <__trampolines_end>:
      cc:	6e 61       	ori	r22, 0x1E	; 30
      ce:	6e 00       	.word	0x006e	; ????

000000d0 <__c.2332>:
      d0:	69 6e 66 00 00 40 7a 10 f3 5a 00 a0 72 4e 18 09     inf..@z..Z..rN..
      e0:	00 10 a5 d4 e8 00 00 e8 76 48 17 00 00 e4 0b 54     ........vH.....T
      f0:	02 00 00 ca 9a 3b 00 00 00 e1 f5 05 00 00 80 96     .....;..........
     100:	98 00 00 00 40 42 0f 00 00 00 a0 86 01 00 00 00     ....@B..........
     110:	10 27 00 00 00 00 e8 03 00 00 00 00 64 00 00 00     .'..........d...
     120:	00 00 0a 00 00 00 00 00 01 00 00 00 00 00 2c 76     ..............,v
     130:	d8 88 dc 67 4f 08 23 df c1 df ae 59 e1 b1 b7 96     ...gO.#....Y....
     140:	e5 e3 e4 53 c6 3a e6 51 99 76 96 e8 e6 c2 84 26     ...S.:.Q.v.....&
     150:	eb 89 8c 9b 62 ed 40 7c 6f fc ef bc 9c 9f 40 f2     ....b.@|o.....@.
     160:	ba a5 6f a5 f4 90 05 5a 2a f7 5c 93 6b 6c f9 67     ..o....Z*.\.kl.g
     170:	6d c1 1b fc e0 e4 0d 47 fe f5 20 e6 b5 00 d0 ed     m......G.. .....
     180:	90 2e 03 00 94 35 77 05 00 80 84 1e 08 00 00 20     .....5w........ 
     190:	4e 0a 00 00 00 c8 0c 33 33 33 33 0f 98 6e 12 83     N......3333..n..
     1a0:	11 41 ef 8d 21 14 89 3b e6 55 16 cf fe e6 db 18     .A..!..;.U......
     1b0:	d1 84 4b 38 1b f7 7c 1d 90 1d a4 bb e4 24 20 32     ..K8..|......$ 2
     1c0:	84 72 5e 22 81 00 c9 f1 24 ec a1 e5 3d 27           .r^"....$...='

000001ce <__ctors_end>:
     1ce:	11 24       	eor	r1, r1
     1d0:	1f be       	out	0x3f, r1	; 63
     1d2:	cf ef       	ldi	r28, 0xFF	; 255
     1d4:	d8 e0       	ldi	r29, 0x08	; 8
     1d6:	de bf       	out	0x3e, r29	; 62
     1d8:	cd bf       	out	0x3d, r28	; 61

000001da <__do_copy_data>:
     1da:	11 e0       	ldi	r17, 0x01	; 1
     1dc:	a0 e0       	ldi	r26, 0x00	; 0
     1de:	b1 e0       	ldi	r27, 0x01	; 1
     1e0:	e8 ef       	ldi	r30, 0xF8	; 248
     1e2:	f1 e1       	ldi	r31, 0x11	; 17
     1e4:	02 c0       	rjmp	.+4      	; 0x1ea <__do_copy_data+0x10>
     1e6:	05 90       	lpm	r0, Z+
     1e8:	0d 92       	st	X+, r0
     1ea:	a8 31       	cpi	r26, 0x18	; 24
     1ec:	b1 07       	cpc	r27, r17
     1ee:	d9 f7       	brne	.-10     	; 0x1e6 <__do_copy_data+0xc>
     1f0:	0e 94 7f 01 	call	0x2fe	; 0x2fe <main>
     1f4:	0c 94 fa 08 	jmp	0x11f4	; 0x11f4 <_exit>

000001f8 <__bad_interrupt>:
     1f8:	0c 94 00 00 	jmp	0	; 0x0 <__vectors>

000001fc <LCD_cmd>:
// reset (rs) = 0 for sending address & reset (rs) = 1 for sending data

//LCD_cmd (LCD command) function definition --- (en = enable, rs = reset, rw= read/write)
void LCD_cmd(unsigned char cmd)
{
	LCD_DATA = cmd;			//Data lines are set to send command (Port B = Data Lines)
     1fc:	85 b9       	out	0x05, r24	; 5
	LCD_SIGNALS &= ~(1<<rs);	// resetting rs to low(GND) or 0 (sending address)
     1fe:	8b b1       	in	r24, 0x0b	; 11
     200:	8e 7f       	andi	r24, 0xFE	; 254
     202:	8b b9       	out	0x0b, r24	; 11
	LCD_SIGNALS &= ~(1<<rw);	// resetting rw to low(GND) or 0
     204:	8b b1       	in	r24, 0x0b	; 11
     206:	8d 7f       	andi	r24, 0xFD	; 253
     208:	8b b9       	out	0x0b, r24	; 11
	LCD_SIGNALS |= (1<<en);		// setting en to high(VCC) or 1
     20a:	8b b1       	in	r24, 0x0b	; 11
     20c:	84 60       	ori	r24, 0x04	; 4
     20e:	8b b9       	out	0x0b, r24	; 11
	#else
		//round up by default
		__ticks_dc = (uint32_t)(ceil(fabs(__tmp)));
	#endif

	__builtin_avr_delay_cycles(__ticks_dc);
     210:	8f e3       	ldi	r24, 0x3F	; 63
     212:	9f e1       	ldi	r25, 0x1F	; 31
     214:	01 97       	sbiw	r24, 0x01	; 1
     216:	f1 f7       	brne	.-4      	; 0x214 <LCD_cmd+0x18>
     218:	00 c0       	rjmp	.+0      	; 0x21a <LCD_cmd+0x1e>
     21a:	00 00       	nop
	wait(2);					// Delay for 0.002 sec. (2 ms)
	LCD_SIGNALS &= ~(1<<en);	// resetting en to low(GND) or 0
     21c:	8b b1       	in	r24, 0x0b	; 11
     21e:	8b 7f       	andi	r24, 0xFB	; 251
     220:	8b b9       	out	0x0b, r24	; 11
     222:	08 95       	ret

00000224 <init_LCD>:
}

//init_LCD (LCD Initialization) function definition
void init_LCD(void)
{
	LCD_cmd(0x38);		//  Initialization of 16x2 LCD in 8 bit mode
     224:	88 e3       	ldi	r24, 0x38	; 56
     226:	0e 94 fe 00 	call	0x1fc	; 0x1fc <LCD_cmd>
     22a:	8f e9       	ldi	r24, 0x9F	; 159
     22c:	9f e0       	ldi	r25, 0x0F	; 15
     22e:	01 97       	sbiw	r24, 0x01	; 1
     230:	f1 f7       	brne	.-4      	; 0x22e <init_LCD+0xa>
     232:	00 c0       	rjmp	.+0      	; 0x234 <init_LCD+0x10>
     234:	00 00       	nop
	wait(1);			//  Delay 0.001 sec (1 ms)
	LCD_cmd(0x01);		//  Clear LCD display screen
     236:	81 e0       	ldi	r24, 0x01	; 1
     238:	0e 94 fe 00 	call	0x1fc	; 0x1fc <LCD_cmd>
     23c:	8f e9       	ldi	r24, 0x9F	; 159
     23e:	9f e0       	ldi	r25, 0x0F	; 15
     240:	01 97       	sbiw	r24, 0x01	; 1
     242:	f1 f7       	brne	.-4      	; 0x240 <init_LCD+0x1c>
     244:	00 c0       	rjmp	.+0      	; 0x246 <init_LCD+0x22>
     246:	00 00       	nop
	wait(1);			//  Delay 0.001 sec (1 ms)
	LCD_cmd(0x02);		//	Return to Home position
     248:	82 e0       	ldi	r24, 0x02	; 2
     24a:	0e 94 fe 00 	call	0x1fc	; 0x1fc <LCD_cmd>
     24e:	8f e9       	ldi	r24, 0x9F	; 159
     250:	9f e0       	ldi	r25, 0x0F	; 15
     252:	01 97       	sbiw	r24, 0x01	; 1
     254:	f1 f7       	brne	.-4      	; 0x252 <init_LCD+0x2e>
     256:	00 c0       	rjmp	.+0      	; 0x258 <init_LCD+0x34>
     258:	00 00       	nop
	wait(1);			//  Delay 0.001 sec (1 ms)
	LCD_cmd(0x06);		//	Increment cursor every write of 1 character
     25a:	86 e0       	ldi	r24, 0x06	; 6
     25c:	0e 94 fe 00 	call	0x1fc	; 0x1fc <LCD_cmd>
     260:	8f e9       	ldi	r24, 0x9F	; 159
     262:	9f e0       	ldi	r25, 0x0F	; 15
     264:	01 97       	sbiw	r24, 0x01	; 1
     266:	f1 f7       	brne	.-4      	; 0x264 <init_LCD+0x40>
     268:	00 c0       	rjmp	.+0      	; 0x26a <init_LCD+0x46>
     26a:	00 00       	nop
	wait(1);			//  Delay 0.001 sec (1 ms)
	LCD_cmd(0x80);		//	Go to the first line and 0th position
     26c:	80 e8       	ldi	r24, 0x80	; 128
     26e:	0e 94 fe 00 	call	0x1fc	; 0x1fc <LCD_cmd>
     272:	8f e9       	ldi	r24, 0x9F	; 159
     274:	9f e0       	ldi	r25, 0x0F	; 15
     276:	01 97       	sbiw	r24, 0x01	; 1
     278:	f1 f7       	brne	.-4      	; 0x276 <init_LCD+0x52>
     27a:	00 c0       	rjmp	.+0      	; 0x27c <init_LCD+0x58>
     27c:	00 00       	nop
     27e:	08 95       	ret

00000280 <LCD_write>:
}

//LCD_write (LCD writing) function definition --- (en = enable, rs = reset, rw= read/write)
void LCD_write(unsigned char data)
{
	LCD_DATA = data;			//Data lines are set to send command (Port B = Data Lines)
     280:	85 b9       	out	0x05, r24	; 5
	LCD_SIGNALS |= (1<<rs);	// resetting to high(VCC) or 1 (sending data)
     282:	8b b1       	in	r24, 0x0b	; 11
     284:	81 60       	ori	r24, 0x01	; 1
     286:	8b b9       	out	0x0b, r24	; 11
	LCD_SIGNALS &= ~(1<<rw);	// resetting rw to low(GND) or 0
     288:	8b b1       	in	r24, 0x0b	; 11
     28a:	8d 7f       	andi	r24, 0xFD	; 253
     28c:	8b b9       	out	0x0b, r24	; 11
	LCD_SIGNALS |= (1<<en);		// setting en to high(VCC) or 1
     28e:	8b b1       	in	r24, 0x0b	; 11
     290:	84 60       	ori	r24, 0x04	; 4
     292:	8b b9       	out	0x0b, r24	; 11
     294:	8f e3       	ldi	r24, 0x3F	; 63
     296:	9f e1       	ldi	r25, 0x1F	; 31
     298:	01 97       	sbiw	r24, 0x01	; 1
     29a:	f1 f7       	brne	.-4      	; 0x298 <LCD_write+0x18>
     29c:	00 c0       	rjmp	.+0      	; 0x29e <LCD_write+0x1e>
     29e:	00 00       	nop
	wait(2);					// Delay for 0.002 sec. (2 ms)
	LCD_SIGNALS &= ~(1<<en);	// resetting en to low(GND) or 0
     2a0:	8b b1       	in	r24, 0x0b	; 11
     2a2:	8b 7f       	andi	r24, 0xFB	; 251
     2a4:	8b b9       	out	0x0b, r24	; 11
     2a6:	08 95       	ret

000002a8 <LCD_write_string>:
}

//LCD_write_string (LCD writing string) function definition
void LCD_write_string(unsigned char ch[])
{
     2a8:	0f 93       	push	r16
     2aa:	1f 93       	push	r17
     2ac:	cf 93       	push	r28
     2ae:	8c 01       	movw	r16, r24
	for (uint8_t i = 0;ch[i]!= '\0';i++) // writing characters in ch array
     2b0:	c0 e0       	ldi	r28, 0x00	; 0
     2b2:	0c c0       	rjmp	.+24     	; 0x2cc <LCD_write_string+0x24>
	{
		LCD_write(ch[i]);			// writing each character in ch array
     2b4:	0e 94 40 01 	call	0x280	; 0x280 <LCD_write>
     2b8:	2f ef       	ldi	r18, 0xFF	; 255
     2ba:	81 ee       	ldi	r24, 0xE1	; 225
     2bc:	94 e0       	ldi	r25, 0x04	; 4
     2be:	21 50       	subi	r18, 0x01	; 1
     2c0:	80 40       	sbci	r24, 0x00	; 0
     2c2:	90 40       	sbci	r25, 0x00	; 0
     2c4:	e1 f7       	brne	.-8      	; 0x2be <LCD_write_string+0x16>
     2c6:	00 c0       	rjmp	.+0      	; 0x2c8 <LCD_write_string+0x20>
     2c8:	00 00       	nop
}

//LCD_write_string (LCD writing string) function definition
void LCD_write_string(unsigned char ch[])
{
	for (uint8_t i = 0;ch[i]!= '\0';i++) // writing characters in ch array
     2ca:	cf 5f       	subi	r28, 0xFF	; 255
     2cc:	f8 01       	movw	r30, r16
     2ce:	ec 0f       	add	r30, r28
     2d0:	f1 1d       	adc	r31, r1
     2d2:	80 81       	ld	r24, Z
     2d4:	81 11       	cpse	r24, r1
     2d6:	ee cf       	rjmp	.-36     	; 0x2b4 <LCD_write_string+0xc>
	{
		LCD_write(ch[i]);			// writing each character in ch array
		wait(100);				// delay for 0.1 sec. (100 ms)
	}
}
     2d8:	cf 91       	pop	r28
     2da:	1f 91       	pop	r17
     2dc:	0f 91       	pop	r16
     2de:	08 95       	ret

000002e0 <Cursor_pos>:

//Cursor_pos (set cursor position) function definition
void Cursor_pos(unsigned char x_pos,unsigned char y_pos)
{
	uint8_t address =0;
	if (x_pos == 0)
     2e0:	88 23       	and	r24, r24
     2e2:	21 f0       	breq	.+8      	; 0x2ec <Cursor_pos+0xc>
	{
		address = 0x80; //setting address to the first line 0th position command
	}
	else if (x_pos ==1)
     2e4:	81 30       	cpi	r24, 0x01	; 1
     2e6:	21 f0       	breq	.+8      	; 0x2f0 <Cursor_pos+0x10>
}

//Cursor_pos (set cursor position) function definition
void Cursor_pos(unsigned char x_pos,unsigned char y_pos)
{
	uint8_t address =0;
     2e8:	80 e0       	ldi	r24, 0x00	; 0
     2ea:	03 c0       	rjmp	.+6      	; 0x2f2 <Cursor_pos+0x12>
	if (x_pos == 0)
	{
		address = 0x80; //setting address to the first line 0th position command
     2ec:	80 e8       	ldi	r24, 0x80	; 128
     2ee:	01 c0       	rjmp	.+2      	; 0x2f2 <Cursor_pos+0x12>
	}
	else if (x_pos ==1)
	{
		address = 0xC0; //setting address to the first line 0th position command
     2f0:	80 ec       	ldi	r24, 0xC0	; 192
	}
	if (y_pos <16)
     2f2:	60 31       	cpi	r22, 0x10	; 16
     2f4:	08 f4       	brcc	.+2      	; 0x2f8 <Cursor_pos+0x18>
	{
		address += y_pos;
     2f6:	86 0f       	add	r24, r22
	}
	LCD_cmd(address); //passing the address to LCD_cmd function to execute signal to LCD
     2f8:	0e 94 fe 00 	call	0x1fc	; 0x1fc <LCD_cmd>
     2fc:	08 95       	ret

000002fe <main>:
void LCD_write(unsigned char data); //write character to LCD
void LCD_write_string(unsigned char ch[]); //write string to LCD
void Cursor_pos(unsigned char x_pos,unsigned char y_pos); //x_pos:0~1, y_pos:0~15

int main(void)
{
     2fe:	cf 93       	push	r28
     300:	df 93       	push	r29
     302:	cd b7       	in	r28, 0x3d	; 61
     304:	de b7       	in	r29, 0x3e	; 62
     306:	2a 97       	sbiw	r28, 0x0a	; 10
     308:	0f b6       	in	r0, 0x3f	; 63
     30a:	f8 94       	cli
     30c:	de bf       	out	0x3e, r29	; 62
     30e:	0f be       	out	0x3f, r0	; 63
     310:	cd bf       	out	0x3d, r28	; 61
	DDRB = 0xFF;		//setting LCD Data Port for Port B as output
     312:	8f ef       	ldi	r24, 0xFF	; 255
     314:	84 b9       	out	0x04, r24	; 4
	DDRD = 0xFF;		//setting LCD signals (rs, rw, & en) for PORT D as output
     316:	8a b9       	out	0x0a, r24	; 10
	
	init_LCD();			// LCD initialization
     318:	0e 94 12 01 	call	0x224	; 0x224 <init_LCD>
     31c:	2f ef       	ldi	r18, 0xFF	; 255
     31e:	81 ee       	ldi	r24, 0xE1	; 225
     320:	94 e0       	ldi	r25, 0x04	; 4
     322:	21 50       	subi	r18, 0x01	; 1
     324:	80 40       	sbci	r24, 0x00	; 0
     326:	90 40       	sbci	r25, 0x00	; 0
     328:	e1 f7       	brne	.-8      	; 0x322 <main+0x24>
     32a:	00 c0       	rjmp	.+0      	; 0x32c <main+0x2e>
     32c:	00 00       	nop
	wait(100);			// Delay for 0.1 sec. (100 ms)
	
	LCD_cmd(0x0C);		// Display on, Cursor off
     32e:	8c e0       	ldi	r24, 0x0C	; 12
     330:	0e 94 fe 00 	call	0x1fc	; 0x1fc <LCD_cmd>
     334:	af ef       	ldi	r26, 0xFF	; 255
     336:	b1 ee       	ldi	r27, 0xE1	; 225
     338:	24 e0       	ldi	r18, 0x04	; 4
     33a:	a1 50       	subi	r26, 0x01	; 1
     33c:	b0 40       	sbci	r27, 0x00	; 0
     33e:	20 40       	sbci	r18, 0x00	; 0
     340:	e1 f7       	brne	.-8      	; 0x33a <main+0x3c>
     342:	00 c0       	rjmp	.+0      	; 0x344 <main+0x46>
     344:	00 00       	nop
	wait (100);			// Delay for 0.1 sec. (100 ms)
	
	LCD_cmd(0x01);		// Clear LCD display screen
     346:	81 e0       	ldi	r24, 0x01	; 1
     348:	0e 94 fe 00 	call	0x1fc	; 0x1fc <LCD_cmd>
     34c:	8f ef       	ldi	r24, 0xFF	; 255
     34e:	91 ee       	ldi	r25, 0xE1	; 225
     350:	a4 e0       	ldi	r26, 0x04	; 4
     352:	81 50       	subi	r24, 0x01	; 1
     354:	90 40       	sbci	r25, 0x00	; 0
     356:	a0 40       	sbci	r26, 0x00	; 0
     358:	e1 f7       	brne	.-8      	; 0x352 <main+0x54>
     35a:	00 c0       	rjmp	.+0      	; 0x35c <main+0x5e>
     35c:	00 00       	nop
	wait(100);			// Delay for 0.1 sec. (100 ms)
	
	LCD_write_string("TEMP="); //writing "TEMP=" in the first line
     35e:	80 e0       	ldi	r24, 0x00	; 0
     360:	91 e0       	ldi	r25, 0x01	; 1
     362:	0e 94 54 01 	call	0x2a8	; 0x2a8 <LCD_write_string>
	
	LCD_cmd(0xC0);		//move cursor to the second line 0th position
     366:	80 ec       	ldi	r24, 0xC0	; 192
     368:	0e 94 fe 00 	call	0x1fc	; 0x1fc <LCD_cmd>
	LCD_cmd(0x0C);		// Display on, cursor off
     36c:	8c e0       	ldi	r24, 0x0C	; 12
     36e:	0e 94 fe 00 	call	0x1fc	; 0x1fc <LCD_cmd>
	
	LCD_write_string("SPD="); //writing "SPD=" in the second line
     372:	86 e0       	ldi	r24, 0x06	; 6
     374:	91 e0       	ldi	r25, 0x01	; 1
     376:	0e 94 54 01 	call	0x2a8	; 0x2a8 <LCD_write_string>
	
	
	float r0 =768.3,r1 = 1.1457; //defining the two integers: one for 1st row and other for 2nd row
	unsigned char ch[10] = {' '}; // defining ch array of 3 character to hold 3 numbers of r0 & r1
     37a:	fe 01       	movw	r30, r28
     37c:	31 96       	adiw	r30, 0x01	; 1
     37e:	8a e0       	ldi	r24, 0x0A	; 10
     380:	df 01       	movw	r26, r30
     382:	1d 92       	st	X+, r1
     384:	8a 95       	dec	r24
     386:	e9 f7       	brne	.-6      	; 0x382 <main+0x84>
     388:	80 e2       	ldi	r24, 0x20	; 32
     38a:	89 83       	std	Y+1, r24	; 0x01
	LCD_cmd(0x0C);		// Display on, cursor off
	
	LCD_write_string("SPD="); //writing "SPD=" in the second line
	
	
	float r0 =768.3,r1 = 1.1457; //defining the two integers: one for 1st row and other for 2nd row
     38c:	0f 2e       	mov	r0, r31
     38e:	fc e4       	ldi	r31, 0x4C	; 76
     390:	ef 2e       	mov	r14, r31
     392:	f0 2d       	mov	r31, r0
     394:	0f 2e       	mov	r0, r31
     396:	f6 ea       	ldi	r31, 0xA6	; 166
     398:	ff 2e       	mov	r15, r31
     39a:	f0 2d       	mov	r31, r0
     39c:	02 e9       	ldi	r16, 0x92	; 146
     39e:	1f e3       	ldi	r17, 0x3F	; 63
     3a0:	0f 2e       	mov	r0, r31
     3a2:	f3 e3       	ldi	r31, 0x33	; 51
     3a4:	cf 2e       	mov	r12, r31
     3a6:	f0 2d       	mov	r31, r0
     3a8:	0f 2e       	mov	r0, r31
     3aa:	f3 e1       	ldi	r31, 0x13	; 19
     3ac:	df 2e       	mov	r13, r31
     3ae:	f0 2d       	mov	r31, r0
     3b0:	68 94       	set
     3b2:	bb 24       	eor	r11, r11
     3b4:	b6 f8       	bld	r11, 6
     3b6:	0f 2e       	mov	r0, r31
     3b8:	f4 e4       	ldi	r31, 0x44	; 68
     3ba:	af 2e       	mov	r10, r31
     3bc:	f0 2d       	mov	r31, r0
	unsigned char ch[10] = {' '}; // defining ch array of 3 character to hold 3 numbers of r0 & r1
	
	while (1)
	{
		for (int i=0;i<10;i++) // clearing out ch array to be all of spaces
     3be:	80 e0       	ldi	r24, 0x00	; 0
     3c0:	90 e0       	ldi	r25, 0x00	; 0
     3c2:	09 c0       	rjmp	.+18     	; 0x3d6 <main+0xd8>
		{
			ch[i] = ' ';
     3c4:	e1 e0       	ldi	r30, 0x01	; 1
     3c6:	f0 e0       	ldi	r31, 0x00	; 0
     3c8:	ec 0f       	add	r30, r28
     3ca:	fd 1f       	adc	r31, r29
     3cc:	e8 0f       	add	r30, r24
     3ce:	f9 1f       	adc	r31, r25
     3d0:	20 e2       	ldi	r18, 0x20	; 32
     3d2:	20 83       	st	Z, r18
	float r0 =768.3,r1 = 1.1457; //defining the two integers: one for 1st row and other for 2nd row
	unsigned char ch[10] = {' '}; // defining ch array of 3 character to hold 3 numbers of r0 & r1
	
	while (1)
	{
		for (int i=0;i<10;i++) // clearing out ch array to be all of spaces
     3d4:	01 96       	adiw	r24, 0x01	; 1
     3d6:	8a 30       	cpi	r24, 0x0A	; 10
     3d8:	91 05       	cpc	r25, r1
     3da:	a4 f3       	brlt	.-24     	; 0x3c4 <main+0xc6>
		{
			ch[i] = ' ';
		}
		Cursor_pos(0,5); //setting cursor on the first line, 6th column
     3dc:	65 e0       	ldi	r22, 0x05	; 5
     3de:	80 e0       	ldi	r24, 0x00	; 0
     3e0:	0e 94 70 01 	call	0x2e0	; 0x2e0 <Cursor_pos>
		sprintf(ch,"%4.2f",r0); // convert float of r0 to string for ch array with 4 digits before dot and 2 digits after dot
     3e4:	af 92       	push	r10
     3e6:	bf 92       	push	r11
     3e8:	df 92       	push	r13
     3ea:	cf 92       	push	r12
     3ec:	8b e0       	ldi	r24, 0x0B	; 11
     3ee:	91 e0       	ldi	r25, 0x01	; 1
     3f0:	9f 93       	push	r25
     3f2:	8f 93       	push	r24
     3f4:	ce 01       	movw	r24, r28
     3f6:	01 96       	adiw	r24, 0x01	; 1
     3f8:	9f 93       	push	r25
     3fa:	8f 93       	push	r24
     3fc:	0e 94 7a 08 	call	0x10f4	; 0x10f4 <sprintf>
		for (int i=0;i<10;i++) //writing character of ch array to LCD
     400:	0f b6       	in	r0, 0x3f	; 63
     402:	f8 94       	cli
     404:	de bf       	out	0x3e, r29	; 62
     406:	0f be       	out	0x3f, r0	; 63
     408:	cd bf       	out	0x3d, r28	; 61
     40a:	81 2c       	mov	r8, r1
     40c:	91 2c       	mov	r9, r1
     40e:	16 c0       	rjmp	.+44     	; 0x43c <__EEPROM_REGION_LENGTH__+0x3c>
		{
			if ( (ch[i] != '.') && (ch[i] < '0' || ch[i] >'9') ) //if character if not a number or dot
     410:	e1 e0       	ldi	r30, 0x01	; 1
     412:	f0 e0       	ldi	r31, 0x00	; 0
     414:	ec 0f       	add	r30, r28
     416:	fd 1f       	adc	r31, r29
     418:	e8 0d       	add	r30, r8
     41a:	f9 1d       	adc	r31, r9
     41c:	80 81       	ld	r24, Z
     41e:	8e 32       	cpi	r24, 0x2E	; 46
     420:	41 f0       	breq	.+16     	; 0x432 <__EEPROM_REGION_LENGTH__+0x32>
     422:	90 ed       	ldi	r25, 0xD0	; 208
     424:	98 0f       	add	r25, r24
     426:	9a 30       	cpi	r25, 0x0A	; 10
     428:	20 f0       	brcs	.+8      	; 0x432 <__EEPROM_REGION_LENGTH__+0x32>
			{
				LCD_write(' '); // write space to LCD
     42a:	80 e2       	ldi	r24, 0x20	; 32
     42c:	0e 94 40 01 	call	0x280	; 0x280 <LCD_write>
     430:	02 c0       	rjmp	.+4      	; 0x436 <__EEPROM_REGION_LENGTH__+0x36>
			}
			else
			{
				LCD_write(ch[i]); //write the number to LCD
     432:	0e 94 40 01 	call	0x280	; 0x280 <LCD_write>
		{
			ch[i] = ' ';
		}
		Cursor_pos(0,5); //setting cursor on the first line, 6th column
		sprintf(ch,"%4.2f",r0); // convert float of r0 to string for ch array with 4 digits before dot and 2 digits after dot
		for (int i=0;i<10;i++) //writing character of ch array to LCD
     436:	9f ef       	ldi	r25, 0xFF	; 255
     438:	89 1a       	sub	r8, r25
     43a:	99 0a       	sbc	r9, r25
     43c:	aa e0       	ldi	r26, 0x0A	; 10
     43e:	8a 16       	cp	r8, r26
     440:	91 04       	cpc	r9, r1
     442:	34 f3       	brlt	.-52     	; 0x410 <__EEPROM_REGION_LENGTH__+0x10>
			else
			{
				LCD_write(ch[i]); //write the number to LCD
			}
		}
		r0++;
     444:	20 e0       	ldi	r18, 0x00	; 0
     446:	30 e0       	ldi	r19, 0x00	; 0
     448:	40 e8       	ldi	r20, 0x80	; 128
     44a:	5f e3       	ldi	r21, 0x3F	; 63
     44c:	6c 2d       	mov	r22, r12
     44e:	7d 2d       	mov	r23, r13
     450:	8b 2d       	mov	r24, r11
     452:	9a 2d       	mov	r25, r10
     454:	0e 94 b6 02 	call	0x56c	; 0x56c <__addsf3>
     458:	c6 2e       	mov	r12, r22
     45a:	d7 2e       	mov	r13, r23
     45c:	b8 2e       	mov	r11, r24
     45e:	a9 2e       	mov	r10, r25
		if (r0>999) //if it reached it's max (999)
     460:	20 e0       	ldi	r18, 0x00	; 0
     462:	30 ec       	ldi	r19, 0xC0	; 192
     464:	49 e7       	ldi	r20, 0x79	; 121
     466:	54 e4       	ldi	r21, 0x44	; 68
     468:	0e 94 73 03 	call	0x6e6	; 0x6e6 <__gesf2>
     46c:	18 16       	cp	r1, r24
     46e:	84 f4       	brge	.+32     	; 0x490 <__EEPROM_REGION_LENGTH__+0x90>
		{
			r0 = 0.3; //reseting r0 to 0.3 again
     470:	0f 2e       	mov	r0, r31
     472:	fa e9       	ldi	r31, 0x9A	; 154
     474:	cf 2e       	mov	r12, r31
     476:	f0 2d       	mov	r31, r0
     478:	0f 2e       	mov	r0, r31
     47a:	f9 e9       	ldi	r31, 0x99	; 153
     47c:	df 2e       	mov	r13, r31
     47e:	f0 2d       	mov	r31, r0
     480:	0f 2e       	mov	r0, r31
     482:	f9 e9       	ldi	r31, 0x99	; 153
     484:	bf 2e       	mov	r11, r31
     486:	f0 2d       	mov	r31, r0
     488:	0f 2e       	mov	r0, r31
     48a:	fe e3       	ldi	r31, 0x3E	; 62
     48c:	af 2e       	mov	r10, r31
     48e:	f0 2d       	mov	r31, r0
		}
		
		for (int i=0;i<10;i++) // clearing out ch array to be all of spaces
     490:	80 e0       	ldi	r24, 0x00	; 0
     492:	90 e0       	ldi	r25, 0x00	; 0
     494:	09 c0       	rjmp	.+18     	; 0x4a8 <__EEPROM_REGION_LENGTH__+0xa8>
		{
			ch[i] = ' ';
     496:	e1 e0       	ldi	r30, 0x01	; 1
     498:	f0 e0       	ldi	r31, 0x00	; 0
     49a:	ec 0f       	add	r30, r28
     49c:	fd 1f       	adc	r31, r29
     49e:	e8 0f       	add	r30, r24
     4a0:	f9 1f       	adc	r31, r25
     4a2:	20 e2       	ldi	r18, 0x20	; 32
     4a4:	20 83       	st	Z, r18
		if (r0>999) //if it reached it's max (999)
		{
			r0 = 0.3; //reseting r0 to 0.3 again
		}
		
		for (int i=0;i<10;i++) // clearing out ch array to be all of spaces
     4a6:	01 96       	adiw	r24, 0x01	; 1
     4a8:	8a 30       	cpi	r24, 0x0A	; 10
     4aa:	91 05       	cpc	r25, r1
     4ac:	a4 f3       	brlt	.-24     	; 0x496 <__EEPROM_REGION_LENGTH__+0x96>
		{
			ch[i] = ' ';
		}
		Cursor_pos(1,4); //setting cursor on the first line, 6th column
     4ae:	64 e0       	ldi	r22, 0x04	; 4
     4b0:	81 e0       	ldi	r24, 0x01	; 1
     4b2:	0e 94 70 01 	call	0x2e0	; 0x2e0 <Cursor_pos>
		sprintf(ch,"%4.4f",r1); // convert float of r0 to string for ch array with 4 digits before dot and 4 digits after dot
     4b6:	1f 93       	push	r17
     4b8:	0f 93       	push	r16
     4ba:	ff 92       	push	r15
     4bc:	ef 92       	push	r14
     4be:	81 e1       	ldi	r24, 0x11	; 17
     4c0:	91 e0       	ldi	r25, 0x01	; 1
     4c2:	9f 93       	push	r25
     4c4:	8f 93       	push	r24
     4c6:	ce 01       	movw	r24, r28
     4c8:	01 96       	adiw	r24, 0x01	; 1
     4ca:	9f 93       	push	r25
     4cc:	8f 93       	push	r24
     4ce:	0e 94 7a 08 	call	0x10f4	; 0x10f4 <sprintf>
		for (int i=0;i<10;i++) //writing character of ch array to LCD
     4d2:	0f b6       	in	r0, 0x3f	; 63
     4d4:	f8 94       	cli
     4d6:	de bf       	out	0x3e, r29	; 62
     4d8:	0f be       	out	0x3f, r0	; 63
     4da:	cd bf       	out	0x3d, r28	; 61
     4dc:	81 2c       	mov	r8, r1
     4de:	91 2c       	mov	r9, r1
     4e0:	16 c0       	rjmp	.+44     	; 0x50e <__EEPROM_REGION_LENGTH__+0x10e>
		{
			if ( (ch[i] != '.') && (ch[i] < '0' || ch[i] >'9') ) //if character if not a number or dot
     4e2:	e1 e0       	ldi	r30, 0x01	; 1
     4e4:	f0 e0       	ldi	r31, 0x00	; 0
     4e6:	ec 0f       	add	r30, r28
     4e8:	fd 1f       	adc	r31, r29
     4ea:	e8 0d       	add	r30, r8
     4ec:	f9 1d       	adc	r31, r9
     4ee:	80 81       	ld	r24, Z
     4f0:	8e 32       	cpi	r24, 0x2E	; 46
     4f2:	41 f0       	breq	.+16     	; 0x504 <__EEPROM_REGION_LENGTH__+0x104>
     4f4:	90 ed       	ldi	r25, 0xD0	; 208
     4f6:	98 0f       	add	r25, r24
     4f8:	9a 30       	cpi	r25, 0x0A	; 10
     4fa:	20 f0       	brcs	.+8      	; 0x504 <__EEPROM_REGION_LENGTH__+0x104>
			{
				LCD_write(' '); // write space to LCD
     4fc:	80 e2       	ldi	r24, 0x20	; 32
     4fe:	0e 94 40 01 	call	0x280	; 0x280 <LCD_write>
     502:	02 c0       	rjmp	.+4      	; 0x508 <__EEPROM_REGION_LENGTH__+0x108>
			}
			else
			{
				LCD_write(ch[i]); //write the number to LCD
     504:	0e 94 40 01 	call	0x280	; 0x280 <LCD_write>
		{
			ch[i] = ' ';
		}
		Cursor_pos(1,4); //setting cursor on the first line, 6th column
		sprintf(ch,"%4.4f",r1); // convert float of r0 to string for ch array with 4 digits before dot and 4 digits after dot
		for (int i=0;i<10;i++) //writing character of ch array to LCD
     508:	9f ef       	ldi	r25, 0xFF	; 255
     50a:	89 1a       	sub	r8, r25
     50c:	99 0a       	sbc	r9, r25
     50e:	aa e0       	ldi	r26, 0x0A	; 10
     510:	8a 16       	cp	r8, r26
     512:	91 04       	cpc	r9, r1
     514:	34 f3       	brlt	.-52     	; 0x4e2 <__EEPROM_REGION_LENGTH__+0xe2>
			else
			{
				LCD_write(ch[i]); //write the number to LCD
			}
		}
		r1++;
     516:	20 e0       	ldi	r18, 0x00	; 0
     518:	30 e0       	ldi	r19, 0x00	; 0
     51a:	40 e8       	ldi	r20, 0x80	; 128
     51c:	5f e3       	ldi	r21, 0x3F	; 63
     51e:	6e 2d       	mov	r22, r14
     520:	7f 2d       	mov	r23, r15
     522:	80 2f       	mov	r24, r16
     524:	91 2f       	mov	r25, r17
     526:	0e 94 b6 02 	call	0x56c	; 0x56c <__addsf3>
     52a:	e6 2e       	mov	r14, r22
     52c:	f7 2e       	mov	r15, r23
     52e:	08 2f       	mov	r16, r24
     530:	19 2f       	mov	r17, r25
		if (r1>999) //if it reached it's max (999)
     532:	20 e0       	ldi	r18, 0x00	; 0
     534:	30 ec       	ldi	r19, 0xC0	; 192
     536:	49 e7       	ldi	r20, 0x79	; 121
     538:	54 e4       	ldi	r21, 0x44	; 68
     53a:	0e 94 73 03 	call	0x6e6	; 0x6e6 <__gesf2>
     53e:	18 16       	cp	r1, r24
     540:	54 f4       	brge	.+20     	; 0x556 <__EEPROM_REGION_LENGTH__+0x156>
		{
			r1 = 0.1457; //reseting r1 to 0.1457 again
     542:	0f 2e       	mov	r0, r31
     544:	f1 e6       	ldi	r31, 0x61	; 97
     546:	ef 2e       	mov	r14, r31
     548:	f0 2d       	mov	r31, r0
     54a:	0f 2e       	mov	r0, r31
     54c:	f2 e3       	ldi	r31, 0x32	; 50
     54e:	ff 2e       	mov	r15, r31
     550:	f0 2d       	mov	r31, r0
     552:	05 e1       	ldi	r16, 0x15	; 21
     554:	1e e3       	ldi	r17, 0x3E	; 62
     556:	bf ef       	ldi	r27, 0xFF	; 255
     558:	24 e3       	ldi	r18, 0x34	; 52
     55a:	8c e0       	ldi	r24, 0x0C	; 12
     55c:	b1 50       	subi	r27, 0x01	; 1
     55e:	20 40       	sbci	r18, 0x00	; 0
     560:	80 40       	sbci	r24, 0x00	; 0
     562:	e1 f7       	brne	.-8      	; 0x55c <__EEPROM_REGION_LENGTH__+0x15c>
     564:	00 c0       	rjmp	.+0      	; 0x566 <__EEPROM_REGION_LENGTH__+0x166>
     566:	00 00       	nop
     568:	2a cf       	rjmp	.-428    	; 0x3be <main+0xc0>

0000056a <__subsf3>:
     56a:	50 58       	subi	r21, 0x80	; 128

0000056c <__addsf3>:
     56c:	bb 27       	eor	r27, r27
     56e:	aa 27       	eor	r26, r26
     570:	0e 94 cd 02 	call	0x59a	; 0x59a <__addsf3x>
     574:	0c 94 39 03 	jmp	0x672	; 0x672 <__fp_round>
     578:	0e 94 2b 03 	call	0x656	; 0x656 <__fp_pscA>
     57c:	38 f0       	brcs	.+14     	; 0x58c <__addsf3+0x20>
     57e:	0e 94 32 03 	call	0x664	; 0x664 <__fp_pscB>
     582:	20 f0       	brcs	.+8      	; 0x58c <__addsf3+0x20>
     584:	39 f4       	brne	.+14     	; 0x594 <__addsf3+0x28>
     586:	9f 3f       	cpi	r25, 0xFF	; 255
     588:	19 f4       	brne	.+6      	; 0x590 <__addsf3+0x24>
     58a:	26 f4       	brtc	.+8      	; 0x594 <__addsf3+0x28>
     58c:	0c 94 28 03 	jmp	0x650	; 0x650 <__fp_nan>
     590:	0e f4       	brtc	.+2      	; 0x594 <__addsf3+0x28>
     592:	e0 95       	com	r30
     594:	e7 fb       	bst	r30, 7
     596:	0c 94 22 03 	jmp	0x644	; 0x644 <__fp_inf>

0000059a <__addsf3x>:
     59a:	e9 2f       	mov	r30, r25
     59c:	0e 94 4a 03 	call	0x694	; 0x694 <__fp_split3>
     5a0:	58 f3       	brcs	.-42     	; 0x578 <__addsf3+0xc>
     5a2:	ba 17       	cp	r27, r26
     5a4:	62 07       	cpc	r22, r18
     5a6:	73 07       	cpc	r23, r19
     5a8:	84 07       	cpc	r24, r20
     5aa:	95 07       	cpc	r25, r21
     5ac:	20 f0       	brcs	.+8      	; 0x5b6 <__addsf3x+0x1c>
     5ae:	79 f4       	brne	.+30     	; 0x5ce <__addsf3x+0x34>
     5b0:	a6 f5       	brtc	.+104    	; 0x61a <__addsf3x+0x80>
     5b2:	0c 94 6c 03 	jmp	0x6d8	; 0x6d8 <__fp_zero>
     5b6:	0e f4       	brtc	.+2      	; 0x5ba <__addsf3x+0x20>
     5b8:	e0 95       	com	r30
     5ba:	0b 2e       	mov	r0, r27
     5bc:	ba 2f       	mov	r27, r26
     5be:	a0 2d       	mov	r26, r0
     5c0:	0b 01       	movw	r0, r22
     5c2:	b9 01       	movw	r22, r18
     5c4:	90 01       	movw	r18, r0
     5c6:	0c 01       	movw	r0, r24
     5c8:	ca 01       	movw	r24, r20
     5ca:	a0 01       	movw	r20, r0
     5cc:	11 24       	eor	r1, r1
     5ce:	ff 27       	eor	r31, r31
     5d0:	59 1b       	sub	r21, r25
     5d2:	99 f0       	breq	.+38     	; 0x5fa <__addsf3x+0x60>
     5d4:	59 3f       	cpi	r21, 0xF9	; 249
     5d6:	50 f4       	brcc	.+20     	; 0x5ec <__addsf3x+0x52>
     5d8:	50 3e       	cpi	r21, 0xE0	; 224
     5da:	68 f1       	brcs	.+90     	; 0x636 <__addsf3x+0x9c>
     5dc:	1a 16       	cp	r1, r26
     5de:	f0 40       	sbci	r31, 0x00	; 0
     5e0:	a2 2f       	mov	r26, r18
     5e2:	23 2f       	mov	r18, r19
     5e4:	34 2f       	mov	r19, r20
     5e6:	44 27       	eor	r20, r20
     5e8:	58 5f       	subi	r21, 0xF8	; 248
     5ea:	f3 cf       	rjmp	.-26     	; 0x5d2 <__addsf3x+0x38>
     5ec:	46 95       	lsr	r20
     5ee:	37 95       	ror	r19
     5f0:	27 95       	ror	r18
     5f2:	a7 95       	ror	r26
     5f4:	f0 40       	sbci	r31, 0x00	; 0
     5f6:	53 95       	inc	r21
     5f8:	c9 f7       	brne	.-14     	; 0x5ec <__addsf3x+0x52>
     5fa:	7e f4       	brtc	.+30     	; 0x61a <__addsf3x+0x80>
     5fc:	1f 16       	cp	r1, r31
     5fe:	ba 0b       	sbc	r27, r26
     600:	62 0b       	sbc	r22, r18
     602:	73 0b       	sbc	r23, r19
     604:	84 0b       	sbc	r24, r20
     606:	ba f0       	brmi	.+46     	; 0x636 <__addsf3x+0x9c>
     608:	91 50       	subi	r25, 0x01	; 1
     60a:	a1 f0       	breq	.+40     	; 0x634 <__addsf3x+0x9a>
     60c:	ff 0f       	add	r31, r31
     60e:	bb 1f       	adc	r27, r27
     610:	66 1f       	adc	r22, r22
     612:	77 1f       	adc	r23, r23
     614:	88 1f       	adc	r24, r24
     616:	c2 f7       	brpl	.-16     	; 0x608 <__addsf3x+0x6e>
     618:	0e c0       	rjmp	.+28     	; 0x636 <__addsf3x+0x9c>
     61a:	ba 0f       	add	r27, r26
     61c:	62 1f       	adc	r22, r18
     61e:	73 1f       	adc	r23, r19
     620:	84 1f       	adc	r24, r20
     622:	48 f4       	brcc	.+18     	; 0x636 <__addsf3x+0x9c>
     624:	87 95       	ror	r24
     626:	77 95       	ror	r23
     628:	67 95       	ror	r22
     62a:	b7 95       	ror	r27
     62c:	f7 95       	ror	r31
     62e:	9e 3f       	cpi	r25, 0xFE	; 254
     630:	08 f0       	brcs	.+2      	; 0x634 <__addsf3x+0x9a>
     632:	b0 cf       	rjmp	.-160    	; 0x594 <__addsf3+0x28>
     634:	93 95       	inc	r25
     636:	88 0f       	add	r24, r24
     638:	08 f0       	brcs	.+2      	; 0x63c <__addsf3x+0xa2>
     63a:	99 27       	eor	r25, r25
     63c:	ee 0f       	add	r30, r30
     63e:	97 95       	ror	r25
     640:	87 95       	ror	r24
     642:	08 95       	ret

00000644 <__fp_inf>:
     644:	97 f9       	bld	r25, 7
     646:	9f 67       	ori	r25, 0x7F	; 127
     648:	80 e8       	ldi	r24, 0x80	; 128
     64a:	70 e0       	ldi	r23, 0x00	; 0
     64c:	60 e0       	ldi	r22, 0x00	; 0
     64e:	08 95       	ret

00000650 <__fp_nan>:
     650:	9f ef       	ldi	r25, 0xFF	; 255
     652:	80 ec       	ldi	r24, 0xC0	; 192
     654:	08 95       	ret

00000656 <__fp_pscA>:
     656:	00 24       	eor	r0, r0
     658:	0a 94       	dec	r0
     65a:	16 16       	cp	r1, r22
     65c:	17 06       	cpc	r1, r23
     65e:	18 06       	cpc	r1, r24
     660:	09 06       	cpc	r0, r25
     662:	08 95       	ret

00000664 <__fp_pscB>:
     664:	00 24       	eor	r0, r0
     666:	0a 94       	dec	r0
     668:	12 16       	cp	r1, r18
     66a:	13 06       	cpc	r1, r19
     66c:	14 06       	cpc	r1, r20
     66e:	05 06       	cpc	r0, r21
     670:	08 95       	ret

00000672 <__fp_round>:
     672:	09 2e       	mov	r0, r25
     674:	03 94       	inc	r0
     676:	00 0c       	add	r0, r0
     678:	11 f4       	brne	.+4      	; 0x67e <__fp_round+0xc>
     67a:	88 23       	and	r24, r24
     67c:	52 f0       	brmi	.+20     	; 0x692 <__fp_round+0x20>
     67e:	bb 0f       	add	r27, r27
     680:	40 f4       	brcc	.+16     	; 0x692 <__fp_round+0x20>
     682:	bf 2b       	or	r27, r31
     684:	11 f4       	brne	.+4      	; 0x68a <__fp_round+0x18>
     686:	60 ff       	sbrs	r22, 0
     688:	04 c0       	rjmp	.+8      	; 0x692 <__fp_round+0x20>
     68a:	6f 5f       	subi	r22, 0xFF	; 255
     68c:	7f 4f       	sbci	r23, 0xFF	; 255
     68e:	8f 4f       	sbci	r24, 0xFF	; 255
     690:	9f 4f       	sbci	r25, 0xFF	; 255
     692:	08 95       	ret

00000694 <__fp_split3>:
     694:	57 fd       	sbrc	r21, 7
     696:	90 58       	subi	r25, 0x80	; 128
     698:	44 0f       	add	r20, r20
     69a:	55 1f       	adc	r21, r21
     69c:	59 f0       	breq	.+22     	; 0x6b4 <__fp_splitA+0x10>
     69e:	5f 3f       	cpi	r21, 0xFF	; 255
     6a0:	71 f0       	breq	.+28     	; 0x6be <__fp_splitA+0x1a>
     6a2:	47 95       	ror	r20

000006a4 <__fp_splitA>:
     6a4:	88 0f       	add	r24, r24
     6a6:	97 fb       	bst	r25, 7
     6a8:	99 1f       	adc	r25, r25
     6aa:	61 f0       	breq	.+24     	; 0x6c4 <__fp_splitA+0x20>
     6ac:	9f 3f       	cpi	r25, 0xFF	; 255
     6ae:	79 f0       	breq	.+30     	; 0x6ce <__fp_splitA+0x2a>
     6b0:	87 95       	ror	r24
     6b2:	08 95       	ret
     6b4:	12 16       	cp	r1, r18
     6b6:	13 06       	cpc	r1, r19
     6b8:	14 06       	cpc	r1, r20
     6ba:	55 1f       	adc	r21, r21
     6bc:	f2 cf       	rjmp	.-28     	; 0x6a2 <__fp_split3+0xe>
     6be:	46 95       	lsr	r20
     6c0:	f1 df       	rcall	.-30     	; 0x6a4 <__fp_splitA>
     6c2:	08 c0       	rjmp	.+16     	; 0x6d4 <__fp_splitA+0x30>
     6c4:	16 16       	cp	r1, r22
     6c6:	17 06       	cpc	r1, r23
     6c8:	18 06       	cpc	r1, r24
     6ca:	99 1f       	adc	r25, r25
     6cc:	f1 cf       	rjmp	.-30     	; 0x6b0 <__fp_splitA+0xc>
     6ce:	86 95       	lsr	r24
     6d0:	71 05       	cpc	r23, r1
     6d2:	61 05       	cpc	r22, r1
     6d4:	08 94       	sec
     6d6:	08 95       	ret

000006d8 <__fp_zero>:
     6d8:	e8 94       	clt

000006da <__fp_szero>:
     6da:	bb 27       	eor	r27, r27
     6dc:	66 27       	eor	r22, r22
     6de:	77 27       	eor	r23, r23
     6e0:	cb 01       	movw	r24, r22
     6e2:	97 f9       	bld	r25, 7
     6e4:	08 95       	ret

000006e6 <__gesf2>:
     6e6:	0e 94 78 03 	call	0x6f0	; 0x6f0 <__fp_cmp>
     6ea:	08 f4       	brcc	.+2      	; 0x6ee <__gesf2+0x8>
     6ec:	8f ef       	ldi	r24, 0xFF	; 255
     6ee:	08 95       	ret

000006f0 <__fp_cmp>:
     6f0:	99 0f       	add	r25, r25
     6f2:	00 08       	sbc	r0, r0
     6f4:	55 0f       	add	r21, r21
     6f6:	aa 0b       	sbc	r26, r26
     6f8:	e0 e8       	ldi	r30, 0x80	; 128
     6fa:	fe ef       	ldi	r31, 0xFE	; 254
     6fc:	16 16       	cp	r1, r22
     6fe:	17 06       	cpc	r1, r23
     700:	e8 07       	cpc	r30, r24
     702:	f9 07       	cpc	r31, r25
     704:	c0 f0       	brcs	.+48     	; 0x736 <__fp_cmp+0x46>
     706:	12 16       	cp	r1, r18
     708:	13 06       	cpc	r1, r19
     70a:	e4 07       	cpc	r30, r20
     70c:	f5 07       	cpc	r31, r21
     70e:	98 f0       	brcs	.+38     	; 0x736 <__fp_cmp+0x46>
     710:	62 1b       	sub	r22, r18
     712:	73 0b       	sbc	r23, r19
     714:	84 0b       	sbc	r24, r20
     716:	95 0b       	sbc	r25, r21
     718:	39 f4       	brne	.+14     	; 0x728 <__fp_cmp+0x38>
     71a:	0a 26       	eor	r0, r26
     71c:	61 f0       	breq	.+24     	; 0x736 <__fp_cmp+0x46>
     71e:	23 2b       	or	r18, r19
     720:	24 2b       	or	r18, r20
     722:	25 2b       	or	r18, r21
     724:	21 f4       	brne	.+8      	; 0x72e <__fp_cmp+0x3e>
     726:	08 95       	ret
     728:	0a 26       	eor	r0, r26
     72a:	09 f4       	brne	.+2      	; 0x72e <__fp_cmp+0x3e>
     72c:	a1 40       	sbci	r26, 0x01	; 1
     72e:	a6 95       	lsr	r26
     730:	8f ef       	ldi	r24, 0xFF	; 255
     732:	81 1d       	adc	r24, r1
     734:	81 1d       	adc	r24, r1
     736:	08 95       	ret

00000738 <vfprintf>:
     738:	a0 e1       	ldi	r26, 0x10	; 16
     73a:	b0 e0       	ldi	r27, 0x00	; 0
     73c:	e2 ea       	ldi	r30, 0xA2	; 162
     73e:	f3 e0       	ldi	r31, 0x03	; 3
     740:	0c 94 19 07 	jmp	0xe32	; 0xe32 <__prologue_saves__>
     744:	7c 01       	movw	r14, r24
     746:	1b 01       	movw	r2, r22
     748:	6a 01       	movw	r12, r20
     74a:	fc 01       	movw	r30, r24
     74c:	17 82       	std	Z+7, r1	; 0x07
     74e:	16 82       	std	Z+6, r1	; 0x06
     750:	83 81       	ldd	r24, Z+3	; 0x03
     752:	81 ff       	sbrs	r24, 1
     754:	44 c3       	rjmp	.+1672   	; 0xdde <__stack+0x4df>
     756:	9e 01       	movw	r18, r28
     758:	2f 5f       	subi	r18, 0xFF	; 255
     75a:	3f 4f       	sbci	r19, 0xFF	; 255
     75c:	39 01       	movw	r6, r18
     75e:	f7 01       	movw	r30, r14
     760:	93 81       	ldd	r25, Z+3	; 0x03
     762:	f1 01       	movw	r30, r2
     764:	93 fd       	sbrc	r25, 3
     766:	85 91       	lpm	r24, Z+
     768:	93 ff       	sbrs	r25, 3
     76a:	81 91       	ld	r24, Z+
     76c:	1f 01       	movw	r2, r30
     76e:	88 23       	and	r24, r24
     770:	09 f4       	brne	.+2      	; 0x774 <vfprintf+0x3c>
     772:	31 c3       	rjmp	.+1634   	; 0xdd6 <__stack+0x4d7>
     774:	85 32       	cpi	r24, 0x25	; 37
     776:	39 f4       	brne	.+14     	; 0x786 <vfprintf+0x4e>
     778:	93 fd       	sbrc	r25, 3
     77a:	85 91       	lpm	r24, Z+
     77c:	93 ff       	sbrs	r25, 3
     77e:	81 91       	ld	r24, Z+
     780:	1f 01       	movw	r2, r30
     782:	85 32       	cpi	r24, 0x25	; 37
     784:	39 f4       	brne	.+14     	; 0x794 <vfprintf+0x5c>
     786:	b7 01       	movw	r22, r14
     788:	90 e0       	ldi	r25, 0x00	; 0
     78a:	0e 94 3e 08 	call	0x107c	; 0x107c <fputc>
     78e:	56 01       	movw	r10, r12
     790:	65 01       	movw	r12, r10
     792:	e5 cf       	rjmp	.-54     	; 0x75e <vfprintf+0x26>
     794:	10 e0       	ldi	r17, 0x00	; 0
     796:	51 2c       	mov	r5, r1
     798:	91 2c       	mov	r9, r1
     79a:	ff e1       	ldi	r31, 0x1F	; 31
     79c:	f9 15       	cp	r31, r9
     79e:	d8 f0       	brcs	.+54     	; 0x7d6 <vfprintf+0x9e>
     7a0:	8b 32       	cpi	r24, 0x2B	; 43
     7a2:	79 f0       	breq	.+30     	; 0x7c2 <vfprintf+0x8a>
     7a4:	38 f4       	brcc	.+14     	; 0x7b4 <vfprintf+0x7c>
     7a6:	80 32       	cpi	r24, 0x20	; 32
     7a8:	79 f0       	breq	.+30     	; 0x7c8 <vfprintf+0x90>
     7aa:	83 32       	cpi	r24, 0x23	; 35
     7ac:	a1 f4       	brne	.+40     	; 0x7d6 <vfprintf+0x9e>
     7ae:	f9 2d       	mov	r31, r9
     7b0:	f0 61       	ori	r31, 0x10	; 16
     7b2:	2e c0       	rjmp	.+92     	; 0x810 <__DATA_REGION_LENGTH__+0x10>
     7b4:	8d 32       	cpi	r24, 0x2D	; 45
     7b6:	61 f0       	breq	.+24     	; 0x7d0 <vfprintf+0x98>
     7b8:	80 33       	cpi	r24, 0x30	; 48
     7ba:	69 f4       	brne	.+26     	; 0x7d6 <vfprintf+0x9e>
     7bc:	29 2d       	mov	r18, r9
     7be:	21 60       	ori	r18, 0x01	; 1
     7c0:	2d c0       	rjmp	.+90     	; 0x81c <__DATA_REGION_LENGTH__+0x1c>
     7c2:	39 2d       	mov	r19, r9
     7c4:	32 60       	ori	r19, 0x02	; 2
     7c6:	93 2e       	mov	r9, r19
     7c8:	89 2d       	mov	r24, r9
     7ca:	84 60       	ori	r24, 0x04	; 4
     7cc:	98 2e       	mov	r9, r24
     7ce:	2a c0       	rjmp	.+84     	; 0x824 <__DATA_REGION_LENGTH__+0x24>
     7d0:	e9 2d       	mov	r30, r9
     7d2:	e8 60       	ori	r30, 0x08	; 8
     7d4:	15 c0       	rjmp	.+42     	; 0x800 <__DATA_REGION_LENGTH__>
     7d6:	97 fc       	sbrc	r9, 7
     7d8:	2d c0       	rjmp	.+90     	; 0x834 <__DATA_REGION_LENGTH__+0x34>
     7da:	20 ed       	ldi	r18, 0xD0	; 208
     7dc:	28 0f       	add	r18, r24
     7de:	2a 30       	cpi	r18, 0x0A	; 10
     7e0:	88 f4       	brcc	.+34     	; 0x804 <__DATA_REGION_LENGTH__+0x4>
     7e2:	96 fe       	sbrs	r9, 6
     7e4:	06 c0       	rjmp	.+12     	; 0x7f2 <vfprintf+0xba>
     7e6:	3a e0       	ldi	r19, 0x0A	; 10
     7e8:	13 9f       	mul	r17, r19
     7ea:	20 0d       	add	r18, r0
     7ec:	11 24       	eor	r1, r1
     7ee:	12 2f       	mov	r17, r18
     7f0:	19 c0       	rjmp	.+50     	; 0x824 <__DATA_REGION_LENGTH__+0x24>
     7f2:	8a e0       	ldi	r24, 0x0A	; 10
     7f4:	58 9e       	mul	r5, r24
     7f6:	20 0d       	add	r18, r0
     7f8:	11 24       	eor	r1, r1
     7fa:	52 2e       	mov	r5, r18
     7fc:	e9 2d       	mov	r30, r9
     7fe:	e0 62       	ori	r30, 0x20	; 32
     800:	9e 2e       	mov	r9, r30
     802:	10 c0       	rjmp	.+32     	; 0x824 <__DATA_REGION_LENGTH__+0x24>
     804:	8e 32       	cpi	r24, 0x2E	; 46
     806:	31 f4       	brne	.+12     	; 0x814 <__DATA_REGION_LENGTH__+0x14>
     808:	96 fc       	sbrc	r9, 6
     80a:	e5 c2       	rjmp	.+1482   	; 0xdd6 <__stack+0x4d7>
     80c:	f9 2d       	mov	r31, r9
     80e:	f0 64       	ori	r31, 0x40	; 64
     810:	9f 2e       	mov	r9, r31
     812:	08 c0       	rjmp	.+16     	; 0x824 <__DATA_REGION_LENGTH__+0x24>
     814:	8c 36       	cpi	r24, 0x6C	; 108
     816:	21 f4       	brne	.+8      	; 0x820 <__DATA_REGION_LENGTH__+0x20>
     818:	29 2d       	mov	r18, r9
     81a:	20 68       	ori	r18, 0x80	; 128
     81c:	92 2e       	mov	r9, r18
     81e:	02 c0       	rjmp	.+4      	; 0x824 <__DATA_REGION_LENGTH__+0x24>
     820:	88 36       	cpi	r24, 0x68	; 104
     822:	41 f4       	brne	.+16     	; 0x834 <__DATA_REGION_LENGTH__+0x34>
     824:	f1 01       	movw	r30, r2
     826:	93 fd       	sbrc	r25, 3
     828:	85 91       	lpm	r24, Z+
     82a:	93 ff       	sbrs	r25, 3
     82c:	81 91       	ld	r24, Z+
     82e:	1f 01       	movw	r2, r30
     830:	81 11       	cpse	r24, r1
     832:	b3 cf       	rjmp	.-154    	; 0x79a <vfprintf+0x62>
     834:	9b eb       	ldi	r25, 0xBB	; 187
     836:	98 0f       	add	r25, r24
     838:	93 30       	cpi	r25, 0x03	; 3
     83a:	20 f4       	brcc	.+8      	; 0x844 <__DATA_REGION_LENGTH__+0x44>
     83c:	99 2d       	mov	r25, r9
     83e:	90 61       	ori	r25, 0x10	; 16
     840:	80 5e       	subi	r24, 0xE0	; 224
     842:	07 c0       	rjmp	.+14     	; 0x852 <__DATA_REGION_LENGTH__+0x52>
     844:	9b e9       	ldi	r25, 0x9B	; 155
     846:	98 0f       	add	r25, r24
     848:	93 30       	cpi	r25, 0x03	; 3
     84a:	08 f0       	brcs	.+2      	; 0x84e <__DATA_REGION_LENGTH__+0x4e>
     84c:	66 c1       	rjmp	.+716    	; 0xb1a <__stack+0x21b>
     84e:	99 2d       	mov	r25, r9
     850:	9f 7e       	andi	r25, 0xEF	; 239
     852:	96 ff       	sbrs	r25, 6
     854:	16 e0       	ldi	r17, 0x06	; 6
     856:	9f 73       	andi	r25, 0x3F	; 63
     858:	99 2e       	mov	r9, r25
     85a:	85 36       	cpi	r24, 0x65	; 101
     85c:	19 f4       	brne	.+6      	; 0x864 <__DATA_REGION_LENGTH__+0x64>
     85e:	90 64       	ori	r25, 0x40	; 64
     860:	99 2e       	mov	r9, r25
     862:	08 c0       	rjmp	.+16     	; 0x874 <__DATA_REGION_LENGTH__+0x74>
     864:	86 36       	cpi	r24, 0x66	; 102
     866:	21 f4       	brne	.+8      	; 0x870 <__DATA_REGION_LENGTH__+0x70>
     868:	39 2f       	mov	r19, r25
     86a:	30 68       	ori	r19, 0x80	; 128
     86c:	93 2e       	mov	r9, r19
     86e:	02 c0       	rjmp	.+4      	; 0x874 <__DATA_REGION_LENGTH__+0x74>
     870:	11 11       	cpse	r17, r1
     872:	11 50       	subi	r17, 0x01	; 1
     874:	97 fe       	sbrs	r9, 7
     876:	07 c0       	rjmp	.+14     	; 0x886 <__DATA_REGION_LENGTH__+0x86>
     878:	1c 33       	cpi	r17, 0x3C	; 60
     87a:	50 f4       	brcc	.+20     	; 0x890 <__DATA_REGION_LENGTH__+0x90>
     87c:	44 24       	eor	r4, r4
     87e:	43 94       	inc	r4
     880:	41 0e       	add	r4, r17
     882:	27 e0       	ldi	r18, 0x07	; 7
     884:	0b c0       	rjmp	.+22     	; 0x89c <__DATA_REGION_LENGTH__+0x9c>
     886:	18 30       	cpi	r17, 0x08	; 8
     888:	38 f0       	brcs	.+14     	; 0x898 <__DATA_REGION_LENGTH__+0x98>
     88a:	27 e0       	ldi	r18, 0x07	; 7
     88c:	17 e0       	ldi	r17, 0x07	; 7
     88e:	05 c0       	rjmp	.+10     	; 0x89a <__DATA_REGION_LENGTH__+0x9a>
     890:	27 e0       	ldi	r18, 0x07	; 7
     892:	9c e3       	ldi	r25, 0x3C	; 60
     894:	49 2e       	mov	r4, r25
     896:	02 c0       	rjmp	.+4      	; 0x89c <__DATA_REGION_LENGTH__+0x9c>
     898:	21 2f       	mov	r18, r17
     89a:	41 2c       	mov	r4, r1
     89c:	56 01       	movw	r10, r12
     89e:	84 e0       	ldi	r24, 0x04	; 4
     8a0:	a8 0e       	add	r10, r24
     8a2:	b1 1c       	adc	r11, r1
     8a4:	f6 01       	movw	r30, r12
     8a6:	60 81       	ld	r22, Z
     8a8:	71 81       	ldd	r23, Z+1	; 0x01
     8aa:	82 81       	ldd	r24, Z+2	; 0x02
     8ac:	93 81       	ldd	r25, Z+3	; 0x03
     8ae:	04 2d       	mov	r16, r4
     8b0:	a3 01       	movw	r20, r6
     8b2:	0e 94 50 07 	call	0xea0	; 0xea0 <__ftoa_engine>
     8b6:	6c 01       	movw	r12, r24
     8b8:	f9 81       	ldd	r31, Y+1	; 0x01
     8ba:	fc 87       	std	Y+12, r31	; 0x0c
     8bc:	f0 ff       	sbrs	r31, 0
     8be:	02 c0       	rjmp	.+4      	; 0x8c4 <__DATA_REGION_LENGTH__+0xc4>
     8c0:	f3 ff       	sbrs	r31, 3
     8c2:	06 c0       	rjmp	.+12     	; 0x8d0 <__DATA_REGION_LENGTH__+0xd0>
     8c4:	91 fc       	sbrc	r9, 1
     8c6:	06 c0       	rjmp	.+12     	; 0x8d4 <__DATA_REGION_LENGTH__+0xd4>
     8c8:	92 fe       	sbrs	r9, 2
     8ca:	06 c0       	rjmp	.+12     	; 0x8d8 <__DATA_REGION_LENGTH__+0xd8>
     8cc:	00 e2       	ldi	r16, 0x20	; 32
     8ce:	05 c0       	rjmp	.+10     	; 0x8da <__DATA_REGION_LENGTH__+0xda>
     8d0:	0d e2       	ldi	r16, 0x2D	; 45
     8d2:	03 c0       	rjmp	.+6      	; 0x8da <__DATA_REGION_LENGTH__+0xda>
     8d4:	0b e2       	ldi	r16, 0x2B	; 43
     8d6:	01 c0       	rjmp	.+2      	; 0x8da <__DATA_REGION_LENGTH__+0xda>
     8d8:	00 e0       	ldi	r16, 0x00	; 0
     8da:	8c 85       	ldd	r24, Y+12	; 0x0c
     8dc:	8c 70       	andi	r24, 0x0C	; 12
     8de:	19 f0       	breq	.+6      	; 0x8e6 <__DATA_REGION_LENGTH__+0xe6>
     8e0:	01 11       	cpse	r16, r1
     8e2:	5a c2       	rjmp	.+1204   	; 0xd98 <__stack+0x499>
     8e4:	9b c2       	rjmp	.+1334   	; 0xe1c <__stack+0x51d>
     8e6:	97 fe       	sbrs	r9, 7
     8e8:	10 c0       	rjmp	.+32     	; 0x90a <__stack+0xb>
     8ea:	4c 0c       	add	r4, r12
     8ec:	fc 85       	ldd	r31, Y+12	; 0x0c
     8ee:	f4 ff       	sbrs	r31, 4
     8f0:	04 c0       	rjmp	.+8      	; 0x8fa <__DATA_REGION_LENGTH__+0xfa>
     8f2:	8a 81       	ldd	r24, Y+2	; 0x02
     8f4:	81 33       	cpi	r24, 0x31	; 49
     8f6:	09 f4       	brne	.+2      	; 0x8fa <__DATA_REGION_LENGTH__+0xfa>
     8f8:	4a 94       	dec	r4
     8fa:	14 14       	cp	r1, r4
     8fc:	74 f5       	brge	.+92     	; 0x95a <__stack+0x5b>
     8fe:	28 e0       	ldi	r18, 0x08	; 8
     900:	24 15       	cp	r18, r4
     902:	78 f5       	brcc	.+94     	; 0x962 <__stack+0x63>
     904:	88 e0       	ldi	r24, 0x08	; 8
     906:	48 2e       	mov	r4, r24
     908:	2c c0       	rjmp	.+88     	; 0x962 <__stack+0x63>
     90a:	96 fc       	sbrc	r9, 6
     90c:	2a c0       	rjmp	.+84     	; 0x962 <__stack+0x63>
     90e:	81 2f       	mov	r24, r17
     910:	90 e0       	ldi	r25, 0x00	; 0
     912:	8c 15       	cp	r24, r12
     914:	9d 05       	cpc	r25, r13
     916:	9c f0       	brlt	.+38     	; 0x93e <__stack+0x3f>
     918:	3c ef       	ldi	r19, 0xFC	; 252
     91a:	c3 16       	cp	r12, r19
     91c:	3f ef       	ldi	r19, 0xFF	; 255
     91e:	d3 06       	cpc	r13, r19
     920:	74 f0       	brlt	.+28     	; 0x93e <__stack+0x3f>
     922:	89 2d       	mov	r24, r9
     924:	80 68       	ori	r24, 0x80	; 128
     926:	98 2e       	mov	r9, r24
     928:	0a c0       	rjmp	.+20     	; 0x93e <__stack+0x3f>
     92a:	e2 e0       	ldi	r30, 0x02	; 2
     92c:	f0 e0       	ldi	r31, 0x00	; 0
     92e:	ec 0f       	add	r30, r28
     930:	fd 1f       	adc	r31, r29
     932:	e1 0f       	add	r30, r17
     934:	f1 1d       	adc	r31, r1
     936:	80 81       	ld	r24, Z
     938:	80 33       	cpi	r24, 0x30	; 48
     93a:	19 f4       	brne	.+6      	; 0x942 <__stack+0x43>
     93c:	11 50       	subi	r17, 0x01	; 1
     93e:	11 11       	cpse	r17, r1
     940:	f4 cf       	rjmp	.-24     	; 0x92a <__stack+0x2b>
     942:	97 fe       	sbrs	r9, 7
     944:	0e c0       	rjmp	.+28     	; 0x962 <__stack+0x63>
     946:	44 24       	eor	r4, r4
     948:	43 94       	inc	r4
     94a:	41 0e       	add	r4, r17
     94c:	81 2f       	mov	r24, r17
     94e:	90 e0       	ldi	r25, 0x00	; 0
     950:	c8 16       	cp	r12, r24
     952:	d9 06       	cpc	r13, r25
     954:	2c f4       	brge	.+10     	; 0x960 <__stack+0x61>
     956:	1c 19       	sub	r17, r12
     958:	04 c0       	rjmp	.+8      	; 0x962 <__stack+0x63>
     95a:	44 24       	eor	r4, r4
     95c:	43 94       	inc	r4
     95e:	01 c0       	rjmp	.+2      	; 0x962 <__stack+0x63>
     960:	10 e0       	ldi	r17, 0x00	; 0
     962:	97 fe       	sbrs	r9, 7
     964:	06 c0       	rjmp	.+12     	; 0x972 <__stack+0x73>
     966:	1c 14       	cp	r1, r12
     968:	1d 04       	cpc	r1, r13
     96a:	34 f4       	brge	.+12     	; 0x978 <__stack+0x79>
     96c:	c6 01       	movw	r24, r12
     96e:	01 96       	adiw	r24, 0x01	; 1
     970:	05 c0       	rjmp	.+10     	; 0x97c <__stack+0x7d>
     972:	85 e0       	ldi	r24, 0x05	; 5
     974:	90 e0       	ldi	r25, 0x00	; 0
     976:	02 c0       	rjmp	.+4      	; 0x97c <__stack+0x7d>
     978:	81 e0       	ldi	r24, 0x01	; 1
     97a:	90 e0       	ldi	r25, 0x00	; 0
     97c:	01 11       	cpse	r16, r1
     97e:	01 96       	adiw	r24, 0x01	; 1
     980:	11 23       	and	r17, r17
     982:	31 f0       	breq	.+12     	; 0x990 <__stack+0x91>
     984:	21 2f       	mov	r18, r17
     986:	30 e0       	ldi	r19, 0x00	; 0
     988:	2f 5f       	subi	r18, 0xFF	; 255
     98a:	3f 4f       	sbci	r19, 0xFF	; 255
     98c:	82 0f       	add	r24, r18
     98e:	93 1f       	adc	r25, r19
     990:	25 2d       	mov	r18, r5
     992:	30 e0       	ldi	r19, 0x00	; 0
     994:	82 17       	cp	r24, r18
     996:	93 07       	cpc	r25, r19
     998:	14 f4       	brge	.+4      	; 0x99e <__stack+0x9f>
     99a:	58 1a       	sub	r5, r24
     99c:	01 c0       	rjmp	.+2      	; 0x9a0 <__stack+0xa1>
     99e:	51 2c       	mov	r5, r1
     9a0:	89 2d       	mov	r24, r9
     9a2:	89 70       	andi	r24, 0x09	; 9
     9a4:	49 f4       	brne	.+18     	; 0x9b8 <__stack+0xb9>
     9a6:	55 20       	and	r5, r5
     9a8:	39 f0       	breq	.+14     	; 0x9b8 <__stack+0xb9>
     9aa:	b7 01       	movw	r22, r14
     9ac:	80 e2       	ldi	r24, 0x20	; 32
     9ae:	90 e0       	ldi	r25, 0x00	; 0
     9b0:	0e 94 3e 08 	call	0x107c	; 0x107c <fputc>
     9b4:	5a 94       	dec	r5
     9b6:	f7 cf       	rjmp	.-18     	; 0x9a6 <__stack+0xa7>
     9b8:	00 23       	and	r16, r16
     9ba:	29 f0       	breq	.+10     	; 0x9c6 <__stack+0xc7>
     9bc:	b7 01       	movw	r22, r14
     9be:	80 2f       	mov	r24, r16
     9c0:	90 e0       	ldi	r25, 0x00	; 0
     9c2:	0e 94 3e 08 	call	0x107c	; 0x107c <fputc>
     9c6:	93 fc       	sbrc	r9, 3
     9c8:	09 c0       	rjmp	.+18     	; 0x9dc <__stack+0xdd>
     9ca:	55 20       	and	r5, r5
     9cc:	39 f0       	breq	.+14     	; 0x9dc <__stack+0xdd>
     9ce:	b7 01       	movw	r22, r14
     9d0:	80 e3       	ldi	r24, 0x30	; 48
     9d2:	90 e0       	ldi	r25, 0x00	; 0
     9d4:	0e 94 3e 08 	call	0x107c	; 0x107c <fputc>
     9d8:	5a 94       	dec	r5
     9da:	f7 cf       	rjmp	.-18     	; 0x9ca <__stack+0xcb>
     9dc:	97 fe       	sbrs	r9, 7
     9de:	4c c0       	rjmp	.+152    	; 0xa78 <__stack+0x179>
     9e0:	46 01       	movw	r8, r12
     9e2:	d7 fe       	sbrs	r13, 7
     9e4:	02 c0       	rjmp	.+4      	; 0x9ea <__stack+0xeb>
     9e6:	81 2c       	mov	r8, r1
     9e8:	91 2c       	mov	r9, r1
     9ea:	c6 01       	movw	r24, r12
     9ec:	88 19       	sub	r24, r8
     9ee:	99 09       	sbc	r25, r9
     9f0:	f3 01       	movw	r30, r6
     9f2:	e8 0f       	add	r30, r24
     9f4:	f9 1f       	adc	r31, r25
     9f6:	fe 87       	std	Y+14, r31	; 0x0e
     9f8:	ed 87       	std	Y+13, r30	; 0x0d
     9fa:	96 01       	movw	r18, r12
     9fc:	24 19       	sub	r18, r4
     9fe:	31 09       	sbc	r19, r1
     a00:	38 8b       	std	Y+16, r19	; 0x10
     a02:	2f 87       	std	Y+15, r18	; 0x0f
     a04:	01 2f       	mov	r16, r17
     a06:	10 e0       	ldi	r17, 0x00	; 0
     a08:	11 95       	neg	r17
     a0a:	01 95       	neg	r16
     a0c:	11 09       	sbc	r17, r1
     a0e:	3f ef       	ldi	r19, 0xFF	; 255
     a10:	83 16       	cp	r8, r19
     a12:	93 06       	cpc	r9, r19
     a14:	29 f4       	brne	.+10     	; 0xa20 <__stack+0x121>
     a16:	b7 01       	movw	r22, r14
     a18:	8e e2       	ldi	r24, 0x2E	; 46
     a1a:	90 e0       	ldi	r25, 0x00	; 0
     a1c:	0e 94 3e 08 	call	0x107c	; 0x107c <fputc>
     a20:	c8 14       	cp	r12, r8
     a22:	d9 04       	cpc	r13, r9
     a24:	4c f0       	brlt	.+18     	; 0xa38 <__stack+0x139>
     a26:	8f 85       	ldd	r24, Y+15	; 0x0f
     a28:	98 89       	ldd	r25, Y+16	; 0x10
     a2a:	88 15       	cp	r24, r8
     a2c:	99 05       	cpc	r25, r9
     a2e:	24 f4       	brge	.+8      	; 0xa38 <__stack+0x139>
     a30:	ed 85       	ldd	r30, Y+13	; 0x0d
     a32:	fe 85       	ldd	r31, Y+14	; 0x0e
     a34:	81 81       	ldd	r24, Z+1	; 0x01
     a36:	01 c0       	rjmp	.+2      	; 0xa3a <__stack+0x13b>
     a38:	80 e3       	ldi	r24, 0x30	; 48
     a3a:	f1 e0       	ldi	r31, 0x01	; 1
     a3c:	8f 1a       	sub	r8, r31
     a3e:	91 08       	sbc	r9, r1
     a40:	2d 85       	ldd	r18, Y+13	; 0x0d
     a42:	3e 85       	ldd	r19, Y+14	; 0x0e
     a44:	2f 5f       	subi	r18, 0xFF	; 255
     a46:	3f 4f       	sbci	r19, 0xFF	; 255
     a48:	3e 87       	std	Y+14, r19	; 0x0e
     a4a:	2d 87       	std	Y+13, r18	; 0x0d
     a4c:	80 16       	cp	r8, r16
     a4e:	91 06       	cpc	r9, r17
     a50:	2c f0       	brlt	.+10     	; 0xa5c <__stack+0x15d>
     a52:	b7 01       	movw	r22, r14
     a54:	90 e0       	ldi	r25, 0x00	; 0
     a56:	0e 94 3e 08 	call	0x107c	; 0x107c <fputc>
     a5a:	d9 cf       	rjmp	.-78     	; 0xa0e <__stack+0x10f>
     a5c:	c8 14       	cp	r12, r8
     a5e:	d9 04       	cpc	r13, r9
     a60:	41 f4       	brne	.+16     	; 0xa72 <__stack+0x173>
     a62:	9a 81       	ldd	r25, Y+2	; 0x02
     a64:	96 33       	cpi	r25, 0x36	; 54
     a66:	20 f4       	brcc	.+8      	; 0xa70 <__stack+0x171>
     a68:	95 33       	cpi	r25, 0x35	; 53
     a6a:	19 f4       	brne	.+6      	; 0xa72 <__stack+0x173>
     a6c:	3c 85       	ldd	r19, Y+12	; 0x0c
     a6e:	34 ff       	sbrs	r19, 4
     a70:	81 e3       	ldi	r24, 0x31	; 49
     a72:	b7 01       	movw	r22, r14
     a74:	90 e0       	ldi	r25, 0x00	; 0
     a76:	4e c0       	rjmp	.+156    	; 0xb14 <__stack+0x215>
     a78:	8a 81       	ldd	r24, Y+2	; 0x02
     a7a:	81 33       	cpi	r24, 0x31	; 49
     a7c:	19 f0       	breq	.+6      	; 0xa84 <__stack+0x185>
     a7e:	9c 85       	ldd	r25, Y+12	; 0x0c
     a80:	9f 7e       	andi	r25, 0xEF	; 239
     a82:	9c 87       	std	Y+12, r25	; 0x0c
     a84:	b7 01       	movw	r22, r14
     a86:	90 e0       	ldi	r25, 0x00	; 0
     a88:	0e 94 3e 08 	call	0x107c	; 0x107c <fputc>
     a8c:	11 11       	cpse	r17, r1
     a8e:	05 c0       	rjmp	.+10     	; 0xa9a <__stack+0x19b>
     a90:	94 fc       	sbrc	r9, 4
     a92:	18 c0       	rjmp	.+48     	; 0xac4 <__stack+0x1c5>
     a94:	85 e6       	ldi	r24, 0x65	; 101
     a96:	90 e0       	ldi	r25, 0x00	; 0
     a98:	17 c0       	rjmp	.+46     	; 0xac8 <__stack+0x1c9>
     a9a:	b7 01       	movw	r22, r14
     a9c:	8e e2       	ldi	r24, 0x2E	; 46
     a9e:	90 e0       	ldi	r25, 0x00	; 0
     aa0:	0e 94 3e 08 	call	0x107c	; 0x107c <fputc>
     aa4:	1e 5f       	subi	r17, 0xFE	; 254
     aa6:	82 e0       	ldi	r24, 0x02	; 2
     aa8:	01 e0       	ldi	r16, 0x01	; 1
     aaa:	08 0f       	add	r16, r24
     aac:	f3 01       	movw	r30, r6
     aae:	e8 0f       	add	r30, r24
     ab0:	f1 1d       	adc	r31, r1
     ab2:	80 81       	ld	r24, Z
     ab4:	b7 01       	movw	r22, r14
     ab6:	90 e0       	ldi	r25, 0x00	; 0
     ab8:	0e 94 3e 08 	call	0x107c	; 0x107c <fputc>
     abc:	80 2f       	mov	r24, r16
     abe:	01 13       	cpse	r16, r17
     ac0:	f3 cf       	rjmp	.-26     	; 0xaa8 <__stack+0x1a9>
     ac2:	e6 cf       	rjmp	.-52     	; 0xa90 <__stack+0x191>
     ac4:	85 e4       	ldi	r24, 0x45	; 69
     ac6:	90 e0       	ldi	r25, 0x00	; 0
     ac8:	b7 01       	movw	r22, r14
     aca:	0e 94 3e 08 	call	0x107c	; 0x107c <fputc>
     ace:	d7 fc       	sbrc	r13, 7
     ad0:	06 c0       	rjmp	.+12     	; 0xade <__stack+0x1df>
     ad2:	c1 14       	cp	r12, r1
     ad4:	d1 04       	cpc	r13, r1
     ad6:	41 f4       	brne	.+16     	; 0xae8 <__stack+0x1e9>
     ad8:	ec 85       	ldd	r30, Y+12	; 0x0c
     ada:	e4 ff       	sbrs	r30, 4
     adc:	05 c0       	rjmp	.+10     	; 0xae8 <__stack+0x1e9>
     ade:	d1 94       	neg	r13
     ae0:	c1 94       	neg	r12
     ae2:	d1 08       	sbc	r13, r1
     ae4:	8d e2       	ldi	r24, 0x2D	; 45
     ae6:	01 c0       	rjmp	.+2      	; 0xaea <__stack+0x1eb>
     ae8:	8b e2       	ldi	r24, 0x2B	; 43
     aea:	b7 01       	movw	r22, r14
     aec:	90 e0       	ldi	r25, 0x00	; 0
     aee:	0e 94 3e 08 	call	0x107c	; 0x107c <fputc>
     af2:	80 e3       	ldi	r24, 0x30	; 48
     af4:	2a e0       	ldi	r18, 0x0A	; 10
     af6:	c2 16       	cp	r12, r18
     af8:	d1 04       	cpc	r13, r1
     afa:	2c f0       	brlt	.+10     	; 0xb06 <__stack+0x207>
     afc:	8f 5f       	subi	r24, 0xFF	; 255
     afe:	fa e0       	ldi	r31, 0x0A	; 10
     b00:	cf 1a       	sub	r12, r31
     b02:	d1 08       	sbc	r13, r1
     b04:	f7 cf       	rjmp	.-18     	; 0xaf4 <__stack+0x1f5>
     b06:	b7 01       	movw	r22, r14
     b08:	90 e0       	ldi	r25, 0x00	; 0
     b0a:	0e 94 3e 08 	call	0x107c	; 0x107c <fputc>
     b0e:	b7 01       	movw	r22, r14
     b10:	c6 01       	movw	r24, r12
     b12:	c0 96       	adiw	r24, 0x30	; 48
     b14:	0e 94 3e 08 	call	0x107c	; 0x107c <fputc>
     b18:	54 c1       	rjmp	.+680    	; 0xdc2 <__stack+0x4c3>
     b1a:	83 36       	cpi	r24, 0x63	; 99
     b1c:	31 f0       	breq	.+12     	; 0xb2a <__stack+0x22b>
     b1e:	83 37       	cpi	r24, 0x73	; 115
     b20:	79 f0       	breq	.+30     	; 0xb40 <__stack+0x241>
     b22:	83 35       	cpi	r24, 0x53	; 83
     b24:	09 f0       	breq	.+2      	; 0xb28 <__stack+0x229>
     b26:	56 c0       	rjmp	.+172    	; 0xbd4 <__stack+0x2d5>
     b28:	20 c0       	rjmp	.+64     	; 0xb6a <__stack+0x26b>
     b2a:	56 01       	movw	r10, r12
     b2c:	32 e0       	ldi	r19, 0x02	; 2
     b2e:	a3 0e       	add	r10, r19
     b30:	b1 1c       	adc	r11, r1
     b32:	f6 01       	movw	r30, r12
     b34:	80 81       	ld	r24, Z
     b36:	89 83       	std	Y+1, r24	; 0x01
     b38:	01 e0       	ldi	r16, 0x01	; 1
     b3a:	10 e0       	ldi	r17, 0x00	; 0
     b3c:	63 01       	movw	r12, r6
     b3e:	12 c0       	rjmp	.+36     	; 0xb64 <__stack+0x265>
     b40:	56 01       	movw	r10, r12
     b42:	f2 e0       	ldi	r31, 0x02	; 2
     b44:	af 0e       	add	r10, r31
     b46:	b1 1c       	adc	r11, r1
     b48:	f6 01       	movw	r30, r12
     b4a:	c0 80       	ld	r12, Z
     b4c:	d1 80       	ldd	r13, Z+1	; 0x01
     b4e:	96 fe       	sbrs	r9, 6
     b50:	03 c0       	rjmp	.+6      	; 0xb58 <__stack+0x259>
     b52:	61 2f       	mov	r22, r17
     b54:	70 e0       	ldi	r23, 0x00	; 0
     b56:	02 c0       	rjmp	.+4      	; 0xb5c <__stack+0x25d>
     b58:	6f ef       	ldi	r22, 0xFF	; 255
     b5a:	7f ef       	ldi	r23, 0xFF	; 255
     b5c:	c6 01       	movw	r24, r12
     b5e:	0e 94 33 08 	call	0x1066	; 0x1066 <strnlen>
     b62:	8c 01       	movw	r16, r24
     b64:	f9 2d       	mov	r31, r9
     b66:	ff 77       	andi	r31, 0x7F	; 127
     b68:	14 c0       	rjmp	.+40     	; 0xb92 <__stack+0x293>
     b6a:	56 01       	movw	r10, r12
     b6c:	22 e0       	ldi	r18, 0x02	; 2
     b6e:	a2 0e       	add	r10, r18
     b70:	b1 1c       	adc	r11, r1
     b72:	f6 01       	movw	r30, r12
     b74:	c0 80       	ld	r12, Z
     b76:	d1 80       	ldd	r13, Z+1	; 0x01
     b78:	96 fe       	sbrs	r9, 6
     b7a:	03 c0       	rjmp	.+6      	; 0xb82 <__stack+0x283>
     b7c:	61 2f       	mov	r22, r17
     b7e:	70 e0       	ldi	r23, 0x00	; 0
     b80:	02 c0       	rjmp	.+4      	; 0xb86 <__stack+0x287>
     b82:	6f ef       	ldi	r22, 0xFF	; 255
     b84:	7f ef       	ldi	r23, 0xFF	; 255
     b86:	c6 01       	movw	r24, r12
     b88:	0e 94 28 08 	call	0x1050	; 0x1050 <strnlen_P>
     b8c:	8c 01       	movw	r16, r24
     b8e:	f9 2d       	mov	r31, r9
     b90:	f0 68       	ori	r31, 0x80	; 128
     b92:	9f 2e       	mov	r9, r31
     b94:	f3 fd       	sbrc	r31, 3
     b96:	1a c0       	rjmp	.+52     	; 0xbcc <__stack+0x2cd>
     b98:	85 2d       	mov	r24, r5
     b9a:	90 e0       	ldi	r25, 0x00	; 0
     b9c:	08 17       	cp	r16, r24
     b9e:	19 07       	cpc	r17, r25
     ba0:	a8 f4       	brcc	.+42     	; 0xbcc <__stack+0x2cd>
     ba2:	b7 01       	movw	r22, r14
     ba4:	80 e2       	ldi	r24, 0x20	; 32
     ba6:	90 e0       	ldi	r25, 0x00	; 0
     ba8:	0e 94 3e 08 	call	0x107c	; 0x107c <fputc>
     bac:	5a 94       	dec	r5
     bae:	f4 cf       	rjmp	.-24     	; 0xb98 <__stack+0x299>
     bb0:	f6 01       	movw	r30, r12
     bb2:	97 fc       	sbrc	r9, 7
     bb4:	85 91       	lpm	r24, Z+
     bb6:	97 fe       	sbrs	r9, 7
     bb8:	81 91       	ld	r24, Z+
     bba:	6f 01       	movw	r12, r30
     bbc:	b7 01       	movw	r22, r14
     bbe:	90 e0       	ldi	r25, 0x00	; 0
     bc0:	0e 94 3e 08 	call	0x107c	; 0x107c <fputc>
     bc4:	51 10       	cpse	r5, r1
     bc6:	5a 94       	dec	r5
     bc8:	01 50       	subi	r16, 0x01	; 1
     bca:	11 09       	sbc	r17, r1
     bcc:	01 15       	cp	r16, r1
     bce:	11 05       	cpc	r17, r1
     bd0:	79 f7       	brne	.-34     	; 0xbb0 <__stack+0x2b1>
     bd2:	f7 c0       	rjmp	.+494    	; 0xdc2 <__stack+0x4c3>
     bd4:	84 36       	cpi	r24, 0x64	; 100
     bd6:	11 f0       	breq	.+4      	; 0xbdc <__stack+0x2dd>
     bd8:	89 36       	cpi	r24, 0x69	; 105
     bda:	61 f5       	brne	.+88     	; 0xc34 <__stack+0x335>
     bdc:	56 01       	movw	r10, r12
     bde:	97 fe       	sbrs	r9, 7
     be0:	09 c0       	rjmp	.+18     	; 0xbf4 <__stack+0x2f5>
     be2:	24 e0       	ldi	r18, 0x04	; 4
     be4:	a2 0e       	add	r10, r18
     be6:	b1 1c       	adc	r11, r1
     be8:	f6 01       	movw	r30, r12
     bea:	60 81       	ld	r22, Z
     bec:	71 81       	ldd	r23, Z+1	; 0x01
     bee:	82 81       	ldd	r24, Z+2	; 0x02
     bf0:	93 81       	ldd	r25, Z+3	; 0x03
     bf2:	0a c0       	rjmp	.+20     	; 0xc08 <__stack+0x309>
     bf4:	f2 e0       	ldi	r31, 0x02	; 2
     bf6:	af 0e       	add	r10, r31
     bf8:	b1 1c       	adc	r11, r1
     bfa:	f6 01       	movw	r30, r12
     bfc:	60 81       	ld	r22, Z
     bfe:	71 81       	ldd	r23, Z+1	; 0x01
     c00:	07 2e       	mov	r0, r23
     c02:	00 0c       	add	r0, r0
     c04:	88 0b       	sbc	r24, r24
     c06:	99 0b       	sbc	r25, r25
     c08:	f9 2d       	mov	r31, r9
     c0a:	ff 76       	andi	r31, 0x6F	; 111
     c0c:	9f 2e       	mov	r9, r31
     c0e:	97 ff       	sbrs	r25, 7
     c10:	09 c0       	rjmp	.+18     	; 0xc24 <__stack+0x325>
     c12:	90 95       	com	r25
     c14:	80 95       	com	r24
     c16:	70 95       	com	r23
     c18:	61 95       	neg	r22
     c1a:	7f 4f       	sbci	r23, 0xFF	; 255
     c1c:	8f 4f       	sbci	r24, 0xFF	; 255
     c1e:	9f 4f       	sbci	r25, 0xFF	; 255
     c20:	f0 68       	ori	r31, 0x80	; 128
     c22:	9f 2e       	mov	r9, r31
     c24:	2a e0       	ldi	r18, 0x0A	; 10
     c26:	30 e0       	ldi	r19, 0x00	; 0
     c28:	a3 01       	movw	r20, r6
     c2a:	0e 94 9c 08 	call	0x1138	; 0x1138 <__ultoa_invert>
     c2e:	c8 2e       	mov	r12, r24
     c30:	c6 18       	sub	r12, r6
     c32:	3f c0       	rjmp	.+126    	; 0xcb2 <__stack+0x3b3>
     c34:	09 2d       	mov	r16, r9
     c36:	85 37       	cpi	r24, 0x75	; 117
     c38:	21 f4       	brne	.+8      	; 0xc42 <__stack+0x343>
     c3a:	0f 7e       	andi	r16, 0xEF	; 239
     c3c:	2a e0       	ldi	r18, 0x0A	; 10
     c3e:	30 e0       	ldi	r19, 0x00	; 0
     c40:	1d c0       	rjmp	.+58     	; 0xc7c <__stack+0x37d>
     c42:	09 7f       	andi	r16, 0xF9	; 249
     c44:	8f 36       	cpi	r24, 0x6F	; 111
     c46:	91 f0       	breq	.+36     	; 0xc6c <__stack+0x36d>
     c48:	18 f4       	brcc	.+6      	; 0xc50 <__stack+0x351>
     c4a:	88 35       	cpi	r24, 0x58	; 88
     c4c:	59 f0       	breq	.+22     	; 0xc64 <__stack+0x365>
     c4e:	c3 c0       	rjmp	.+390    	; 0xdd6 <__stack+0x4d7>
     c50:	80 37       	cpi	r24, 0x70	; 112
     c52:	19 f0       	breq	.+6      	; 0xc5a <__stack+0x35b>
     c54:	88 37       	cpi	r24, 0x78	; 120
     c56:	11 f0       	breq	.+4      	; 0xc5c <__stack+0x35d>
     c58:	be c0       	rjmp	.+380    	; 0xdd6 <__stack+0x4d7>
     c5a:	00 61       	ori	r16, 0x10	; 16
     c5c:	04 ff       	sbrs	r16, 4
     c5e:	09 c0       	rjmp	.+18     	; 0xc72 <__stack+0x373>
     c60:	04 60       	ori	r16, 0x04	; 4
     c62:	07 c0       	rjmp	.+14     	; 0xc72 <__stack+0x373>
     c64:	94 fe       	sbrs	r9, 4
     c66:	08 c0       	rjmp	.+16     	; 0xc78 <__stack+0x379>
     c68:	06 60       	ori	r16, 0x06	; 6
     c6a:	06 c0       	rjmp	.+12     	; 0xc78 <__stack+0x379>
     c6c:	28 e0       	ldi	r18, 0x08	; 8
     c6e:	30 e0       	ldi	r19, 0x00	; 0
     c70:	05 c0       	rjmp	.+10     	; 0xc7c <__stack+0x37d>
     c72:	20 e1       	ldi	r18, 0x10	; 16
     c74:	30 e0       	ldi	r19, 0x00	; 0
     c76:	02 c0       	rjmp	.+4      	; 0xc7c <__stack+0x37d>
     c78:	20 e1       	ldi	r18, 0x10	; 16
     c7a:	32 e0       	ldi	r19, 0x02	; 2
     c7c:	56 01       	movw	r10, r12
     c7e:	07 ff       	sbrs	r16, 7
     c80:	09 c0       	rjmp	.+18     	; 0xc94 <__stack+0x395>
     c82:	84 e0       	ldi	r24, 0x04	; 4
     c84:	a8 0e       	add	r10, r24
     c86:	b1 1c       	adc	r11, r1
     c88:	f6 01       	movw	r30, r12
     c8a:	60 81       	ld	r22, Z
     c8c:	71 81       	ldd	r23, Z+1	; 0x01
     c8e:	82 81       	ldd	r24, Z+2	; 0x02
     c90:	93 81       	ldd	r25, Z+3	; 0x03
     c92:	08 c0       	rjmp	.+16     	; 0xca4 <__stack+0x3a5>
     c94:	f2 e0       	ldi	r31, 0x02	; 2
     c96:	af 0e       	add	r10, r31
     c98:	b1 1c       	adc	r11, r1
     c9a:	f6 01       	movw	r30, r12
     c9c:	60 81       	ld	r22, Z
     c9e:	71 81       	ldd	r23, Z+1	; 0x01
     ca0:	80 e0       	ldi	r24, 0x00	; 0
     ca2:	90 e0       	ldi	r25, 0x00	; 0
     ca4:	a3 01       	movw	r20, r6
     ca6:	0e 94 9c 08 	call	0x1138	; 0x1138 <__ultoa_invert>
     caa:	c8 2e       	mov	r12, r24
     cac:	c6 18       	sub	r12, r6
     cae:	0f 77       	andi	r16, 0x7F	; 127
     cb0:	90 2e       	mov	r9, r16
     cb2:	96 fe       	sbrs	r9, 6
     cb4:	0b c0       	rjmp	.+22     	; 0xccc <__stack+0x3cd>
     cb6:	09 2d       	mov	r16, r9
     cb8:	0e 7f       	andi	r16, 0xFE	; 254
     cba:	c1 16       	cp	r12, r17
     cbc:	50 f4       	brcc	.+20     	; 0xcd2 <__stack+0x3d3>
     cbe:	94 fe       	sbrs	r9, 4
     cc0:	0a c0       	rjmp	.+20     	; 0xcd6 <__stack+0x3d7>
     cc2:	92 fc       	sbrc	r9, 2
     cc4:	08 c0       	rjmp	.+16     	; 0xcd6 <__stack+0x3d7>
     cc6:	09 2d       	mov	r16, r9
     cc8:	0e 7e       	andi	r16, 0xEE	; 238
     cca:	05 c0       	rjmp	.+10     	; 0xcd6 <__stack+0x3d7>
     ccc:	dc 2c       	mov	r13, r12
     cce:	09 2d       	mov	r16, r9
     cd0:	03 c0       	rjmp	.+6      	; 0xcd8 <__stack+0x3d9>
     cd2:	dc 2c       	mov	r13, r12
     cd4:	01 c0       	rjmp	.+2      	; 0xcd8 <__stack+0x3d9>
     cd6:	d1 2e       	mov	r13, r17
     cd8:	04 ff       	sbrs	r16, 4
     cda:	0d c0       	rjmp	.+26     	; 0xcf6 <__stack+0x3f7>
     cdc:	fe 01       	movw	r30, r28
     cde:	ec 0d       	add	r30, r12
     ce0:	f1 1d       	adc	r31, r1
     ce2:	80 81       	ld	r24, Z
     ce4:	80 33       	cpi	r24, 0x30	; 48
     ce6:	11 f4       	brne	.+4      	; 0xcec <__stack+0x3ed>
     ce8:	09 7e       	andi	r16, 0xE9	; 233
     cea:	09 c0       	rjmp	.+18     	; 0xcfe <__stack+0x3ff>
     cec:	02 ff       	sbrs	r16, 2
     cee:	06 c0       	rjmp	.+12     	; 0xcfc <__stack+0x3fd>
     cf0:	d3 94       	inc	r13
     cf2:	d3 94       	inc	r13
     cf4:	04 c0       	rjmp	.+8      	; 0xcfe <__stack+0x3ff>
     cf6:	80 2f       	mov	r24, r16
     cf8:	86 78       	andi	r24, 0x86	; 134
     cfa:	09 f0       	breq	.+2      	; 0xcfe <__stack+0x3ff>
     cfc:	d3 94       	inc	r13
     cfe:	03 fd       	sbrc	r16, 3
     d00:	11 c0       	rjmp	.+34     	; 0xd24 <__stack+0x425>
     d02:	00 ff       	sbrs	r16, 0
     d04:	06 c0       	rjmp	.+12     	; 0xd12 <__stack+0x413>
     d06:	1c 2d       	mov	r17, r12
     d08:	d5 14       	cp	r13, r5
     d0a:	80 f4       	brcc	.+32     	; 0xd2c <__stack+0x42d>
     d0c:	15 0d       	add	r17, r5
     d0e:	1d 19       	sub	r17, r13
     d10:	0d c0       	rjmp	.+26     	; 0xd2c <__stack+0x42d>
     d12:	d5 14       	cp	r13, r5
     d14:	58 f4       	brcc	.+22     	; 0xd2c <__stack+0x42d>
     d16:	b7 01       	movw	r22, r14
     d18:	80 e2       	ldi	r24, 0x20	; 32
     d1a:	90 e0       	ldi	r25, 0x00	; 0
     d1c:	0e 94 3e 08 	call	0x107c	; 0x107c <fputc>
     d20:	d3 94       	inc	r13
     d22:	f7 cf       	rjmp	.-18     	; 0xd12 <__stack+0x413>
     d24:	d5 14       	cp	r13, r5
     d26:	10 f4       	brcc	.+4      	; 0xd2c <__stack+0x42d>
     d28:	5d 18       	sub	r5, r13
     d2a:	01 c0       	rjmp	.+2      	; 0xd2e <__stack+0x42f>
     d2c:	51 2c       	mov	r5, r1
     d2e:	04 ff       	sbrs	r16, 4
     d30:	10 c0       	rjmp	.+32     	; 0xd52 <__stack+0x453>
     d32:	b7 01       	movw	r22, r14
     d34:	80 e3       	ldi	r24, 0x30	; 48
     d36:	90 e0       	ldi	r25, 0x00	; 0
     d38:	0e 94 3e 08 	call	0x107c	; 0x107c <fputc>
     d3c:	02 ff       	sbrs	r16, 2
     d3e:	17 c0       	rjmp	.+46     	; 0xd6e <__stack+0x46f>
     d40:	01 fd       	sbrc	r16, 1
     d42:	03 c0       	rjmp	.+6      	; 0xd4a <__stack+0x44b>
     d44:	88 e7       	ldi	r24, 0x78	; 120
     d46:	90 e0       	ldi	r25, 0x00	; 0
     d48:	02 c0       	rjmp	.+4      	; 0xd4e <__stack+0x44f>
     d4a:	88 e5       	ldi	r24, 0x58	; 88
     d4c:	90 e0       	ldi	r25, 0x00	; 0
     d4e:	b7 01       	movw	r22, r14
     d50:	0c c0       	rjmp	.+24     	; 0xd6a <__stack+0x46b>
     d52:	80 2f       	mov	r24, r16
     d54:	86 78       	andi	r24, 0x86	; 134
     d56:	59 f0       	breq	.+22     	; 0xd6e <__stack+0x46f>
     d58:	01 ff       	sbrs	r16, 1
     d5a:	02 c0       	rjmp	.+4      	; 0xd60 <__stack+0x461>
     d5c:	8b e2       	ldi	r24, 0x2B	; 43
     d5e:	01 c0       	rjmp	.+2      	; 0xd62 <__stack+0x463>
     d60:	80 e2       	ldi	r24, 0x20	; 32
     d62:	07 fd       	sbrc	r16, 7
     d64:	8d e2       	ldi	r24, 0x2D	; 45
     d66:	b7 01       	movw	r22, r14
     d68:	90 e0       	ldi	r25, 0x00	; 0
     d6a:	0e 94 3e 08 	call	0x107c	; 0x107c <fputc>
     d6e:	c1 16       	cp	r12, r17
     d70:	38 f4       	brcc	.+14     	; 0xd80 <__stack+0x481>
     d72:	b7 01       	movw	r22, r14
     d74:	80 e3       	ldi	r24, 0x30	; 48
     d76:	90 e0       	ldi	r25, 0x00	; 0
     d78:	0e 94 3e 08 	call	0x107c	; 0x107c <fputc>
     d7c:	11 50       	subi	r17, 0x01	; 1
     d7e:	f7 cf       	rjmp	.-18     	; 0xd6e <__stack+0x46f>
     d80:	ca 94       	dec	r12
     d82:	f3 01       	movw	r30, r6
     d84:	ec 0d       	add	r30, r12
     d86:	f1 1d       	adc	r31, r1
     d88:	80 81       	ld	r24, Z
     d8a:	b7 01       	movw	r22, r14
     d8c:	90 e0       	ldi	r25, 0x00	; 0
     d8e:	0e 94 3e 08 	call	0x107c	; 0x107c <fputc>
     d92:	c1 10       	cpse	r12, r1
     d94:	f5 cf       	rjmp	.-22     	; 0xd80 <__stack+0x481>
     d96:	15 c0       	rjmp	.+42     	; 0xdc2 <__stack+0x4c3>
     d98:	f4 e0       	ldi	r31, 0x04	; 4
     d9a:	f5 15       	cp	r31, r5
     d9c:	60 f5       	brcc	.+88     	; 0xdf6 <__stack+0x4f7>
     d9e:	84 e0       	ldi	r24, 0x04	; 4
     da0:	58 1a       	sub	r5, r24
     da2:	93 fe       	sbrs	r9, 3
     da4:	1f c0       	rjmp	.+62     	; 0xde4 <__stack+0x4e5>
     da6:	01 11       	cpse	r16, r1
     da8:	27 c0       	rjmp	.+78     	; 0xdf8 <__stack+0x4f9>
     daa:	2c 85       	ldd	r18, Y+12	; 0x0c
     dac:	23 ff       	sbrs	r18, 3
     dae:	2a c0       	rjmp	.+84     	; 0xe04 <__stack+0x505>
     db0:	0c ec       	ldi	r16, 0xCC	; 204
     db2:	10 e0       	ldi	r17, 0x00	; 0
     db4:	39 2d       	mov	r19, r9
     db6:	30 71       	andi	r19, 0x10	; 16
     db8:	93 2e       	mov	r9, r19
     dba:	f8 01       	movw	r30, r16
     dbc:	84 91       	lpm	r24, Z
     dbe:	81 11       	cpse	r24, r1
     dc0:	24 c0       	rjmp	.+72     	; 0xe0a <__stack+0x50b>
     dc2:	55 20       	and	r5, r5
     dc4:	09 f4       	brne	.+2      	; 0xdc8 <__stack+0x4c9>
     dc6:	e4 cc       	rjmp	.-1592   	; 0x790 <vfprintf+0x58>
     dc8:	b7 01       	movw	r22, r14
     dca:	80 e2       	ldi	r24, 0x20	; 32
     dcc:	90 e0       	ldi	r25, 0x00	; 0
     dce:	0e 94 3e 08 	call	0x107c	; 0x107c <fputc>
     dd2:	5a 94       	dec	r5
     dd4:	f6 cf       	rjmp	.-20     	; 0xdc2 <__stack+0x4c3>
     dd6:	f7 01       	movw	r30, r14
     dd8:	86 81       	ldd	r24, Z+6	; 0x06
     dda:	97 81       	ldd	r25, Z+7	; 0x07
     ddc:	26 c0       	rjmp	.+76     	; 0xe2a <__stack+0x52b>
     dde:	8f ef       	ldi	r24, 0xFF	; 255
     de0:	9f ef       	ldi	r25, 0xFF	; 255
     de2:	23 c0       	rjmp	.+70     	; 0xe2a <__stack+0x52b>
     de4:	b7 01       	movw	r22, r14
     de6:	80 e2       	ldi	r24, 0x20	; 32
     de8:	90 e0       	ldi	r25, 0x00	; 0
     dea:	0e 94 3e 08 	call	0x107c	; 0x107c <fputc>
     dee:	5a 94       	dec	r5
     df0:	51 10       	cpse	r5, r1
     df2:	f8 cf       	rjmp	.-16     	; 0xde4 <__stack+0x4e5>
     df4:	d8 cf       	rjmp	.-80     	; 0xda6 <__stack+0x4a7>
     df6:	51 2c       	mov	r5, r1
     df8:	b7 01       	movw	r22, r14
     dfa:	80 2f       	mov	r24, r16
     dfc:	90 e0       	ldi	r25, 0x00	; 0
     dfe:	0e 94 3e 08 	call	0x107c	; 0x107c <fputc>
     e02:	d3 cf       	rjmp	.-90     	; 0xdaa <__stack+0x4ab>
     e04:	00 ed       	ldi	r16, 0xD0	; 208
     e06:	10 e0       	ldi	r17, 0x00	; 0
     e08:	d5 cf       	rjmp	.-86     	; 0xdb4 <__stack+0x4b5>
     e0a:	91 10       	cpse	r9, r1
     e0c:	80 52       	subi	r24, 0x20	; 32
     e0e:	b7 01       	movw	r22, r14
     e10:	90 e0       	ldi	r25, 0x00	; 0
     e12:	0e 94 3e 08 	call	0x107c	; 0x107c <fputc>
     e16:	0f 5f       	subi	r16, 0xFF	; 255
     e18:	1f 4f       	sbci	r17, 0xFF	; 255
     e1a:	cf cf       	rjmp	.-98     	; 0xdba <__stack+0x4bb>
     e1c:	23 e0       	ldi	r18, 0x03	; 3
     e1e:	25 15       	cp	r18, r5
     e20:	10 f4       	brcc	.+4      	; 0xe26 <__stack+0x527>
     e22:	83 e0       	ldi	r24, 0x03	; 3
     e24:	bd cf       	rjmp	.-134    	; 0xda0 <__stack+0x4a1>
     e26:	51 2c       	mov	r5, r1
     e28:	c0 cf       	rjmp	.-128    	; 0xdaa <__stack+0x4ab>
     e2a:	60 96       	adiw	r28, 0x10	; 16
     e2c:	e2 e1       	ldi	r30, 0x12	; 18
     e2e:	0c 94 35 07 	jmp	0xe6a	; 0xe6a <__epilogue_restores__>

00000e32 <__prologue_saves__>:
     e32:	2f 92       	push	r2
     e34:	3f 92       	push	r3
     e36:	4f 92       	push	r4
     e38:	5f 92       	push	r5
     e3a:	6f 92       	push	r6
     e3c:	7f 92       	push	r7
     e3e:	8f 92       	push	r8
     e40:	9f 92       	push	r9
     e42:	af 92       	push	r10
     e44:	bf 92       	push	r11
     e46:	cf 92       	push	r12
     e48:	df 92       	push	r13
     e4a:	ef 92       	push	r14
     e4c:	ff 92       	push	r15
     e4e:	0f 93       	push	r16
     e50:	1f 93       	push	r17
     e52:	cf 93       	push	r28
     e54:	df 93       	push	r29
     e56:	cd b7       	in	r28, 0x3d	; 61
     e58:	de b7       	in	r29, 0x3e	; 62
     e5a:	ca 1b       	sub	r28, r26
     e5c:	db 0b       	sbc	r29, r27
     e5e:	0f b6       	in	r0, 0x3f	; 63
     e60:	f8 94       	cli
     e62:	de bf       	out	0x3e, r29	; 62
     e64:	0f be       	out	0x3f, r0	; 63
     e66:	cd bf       	out	0x3d, r28	; 61
     e68:	09 94       	ijmp

00000e6a <__epilogue_restores__>:
     e6a:	2a 88       	ldd	r2, Y+18	; 0x12
     e6c:	39 88       	ldd	r3, Y+17	; 0x11
     e6e:	48 88       	ldd	r4, Y+16	; 0x10
     e70:	5f 84       	ldd	r5, Y+15	; 0x0f
     e72:	6e 84       	ldd	r6, Y+14	; 0x0e
     e74:	7d 84       	ldd	r7, Y+13	; 0x0d
     e76:	8c 84       	ldd	r8, Y+12	; 0x0c
     e78:	9b 84       	ldd	r9, Y+11	; 0x0b
     e7a:	aa 84       	ldd	r10, Y+10	; 0x0a
     e7c:	b9 84       	ldd	r11, Y+9	; 0x09
     e7e:	c8 84       	ldd	r12, Y+8	; 0x08
     e80:	df 80       	ldd	r13, Y+7	; 0x07
     e82:	ee 80       	ldd	r14, Y+6	; 0x06
     e84:	fd 80       	ldd	r15, Y+5	; 0x05
     e86:	0c 81       	ldd	r16, Y+4	; 0x04
     e88:	1b 81       	ldd	r17, Y+3	; 0x03
     e8a:	aa 81       	ldd	r26, Y+2	; 0x02
     e8c:	b9 81       	ldd	r27, Y+1	; 0x01
     e8e:	ce 0f       	add	r28, r30
     e90:	d1 1d       	adc	r29, r1
     e92:	0f b6       	in	r0, 0x3f	; 63
     e94:	f8 94       	cli
     e96:	de bf       	out	0x3e, r29	; 62
     e98:	0f be       	out	0x3f, r0	; 63
     e9a:	cd bf       	out	0x3d, r28	; 61
     e9c:	ed 01       	movw	r28, r26
     e9e:	08 95       	ret

00000ea0 <__ftoa_engine>:
     ea0:	28 30       	cpi	r18, 0x08	; 8
     ea2:	08 f0       	brcs	.+2      	; 0xea6 <__ftoa_engine+0x6>
     ea4:	27 e0       	ldi	r18, 0x07	; 7
     ea6:	33 27       	eor	r19, r19
     ea8:	da 01       	movw	r26, r20
     eaa:	99 0f       	add	r25, r25
     eac:	31 1d       	adc	r19, r1
     eae:	87 fd       	sbrc	r24, 7
     eb0:	91 60       	ori	r25, 0x01	; 1
     eb2:	00 96       	adiw	r24, 0x00	; 0
     eb4:	61 05       	cpc	r22, r1
     eb6:	71 05       	cpc	r23, r1
     eb8:	39 f4       	brne	.+14     	; 0xec8 <__ftoa_engine+0x28>
     eba:	32 60       	ori	r19, 0x02	; 2
     ebc:	2e 5f       	subi	r18, 0xFE	; 254
     ebe:	3d 93       	st	X+, r19
     ec0:	30 e3       	ldi	r19, 0x30	; 48
     ec2:	2a 95       	dec	r18
     ec4:	e1 f7       	brne	.-8      	; 0xebe <__ftoa_engine+0x1e>
     ec6:	08 95       	ret
     ec8:	9f 3f       	cpi	r25, 0xFF	; 255
     eca:	30 f0       	brcs	.+12     	; 0xed8 <__ftoa_engine+0x38>
     ecc:	80 38       	cpi	r24, 0x80	; 128
     ece:	71 05       	cpc	r23, r1
     ed0:	61 05       	cpc	r22, r1
     ed2:	09 f0       	breq	.+2      	; 0xed6 <__ftoa_engine+0x36>
     ed4:	3c 5f       	subi	r19, 0xFC	; 252
     ed6:	3c 5f       	subi	r19, 0xFC	; 252
     ed8:	3d 93       	st	X+, r19
     eda:	91 30       	cpi	r25, 0x01	; 1
     edc:	08 f0       	brcs	.+2      	; 0xee0 <__ftoa_engine+0x40>
     ede:	80 68       	ori	r24, 0x80	; 128
     ee0:	91 1d       	adc	r25, r1
     ee2:	df 93       	push	r29
     ee4:	cf 93       	push	r28
     ee6:	1f 93       	push	r17
     ee8:	0f 93       	push	r16
     eea:	ff 92       	push	r15
     eec:	ef 92       	push	r14
     eee:	19 2f       	mov	r17, r25
     ef0:	98 7f       	andi	r25, 0xF8	; 248
     ef2:	96 95       	lsr	r25
     ef4:	e9 2f       	mov	r30, r25
     ef6:	96 95       	lsr	r25
     ef8:	96 95       	lsr	r25
     efa:	e9 0f       	add	r30, r25
     efc:	ff 27       	eor	r31, r31
     efe:	e2 5d       	subi	r30, 0xD2	; 210
     f00:	fe 4f       	sbci	r31, 0xFE	; 254
     f02:	99 27       	eor	r25, r25
     f04:	33 27       	eor	r19, r19
     f06:	ee 24       	eor	r14, r14
     f08:	ff 24       	eor	r15, r15
     f0a:	a7 01       	movw	r20, r14
     f0c:	e7 01       	movw	r28, r14
     f0e:	05 90       	lpm	r0, Z+
     f10:	08 94       	sec
     f12:	07 94       	ror	r0
     f14:	28 f4       	brcc	.+10     	; 0xf20 <__ftoa_engine+0x80>
     f16:	36 0f       	add	r19, r22
     f18:	e7 1e       	adc	r14, r23
     f1a:	f8 1e       	adc	r15, r24
     f1c:	49 1f       	adc	r20, r25
     f1e:	51 1d       	adc	r21, r1
     f20:	66 0f       	add	r22, r22
     f22:	77 1f       	adc	r23, r23
     f24:	88 1f       	adc	r24, r24
     f26:	99 1f       	adc	r25, r25
     f28:	06 94       	lsr	r0
     f2a:	a1 f7       	brne	.-24     	; 0xf14 <__ftoa_engine+0x74>
     f2c:	05 90       	lpm	r0, Z+
     f2e:	07 94       	ror	r0
     f30:	28 f4       	brcc	.+10     	; 0xf3c <__ftoa_engine+0x9c>
     f32:	e7 0e       	add	r14, r23
     f34:	f8 1e       	adc	r15, r24
     f36:	49 1f       	adc	r20, r25
     f38:	56 1f       	adc	r21, r22
     f3a:	c1 1d       	adc	r28, r1
     f3c:	77 0f       	add	r23, r23
     f3e:	88 1f       	adc	r24, r24
     f40:	99 1f       	adc	r25, r25
     f42:	66 1f       	adc	r22, r22
     f44:	06 94       	lsr	r0
     f46:	a1 f7       	brne	.-24     	; 0xf30 <__ftoa_engine+0x90>
     f48:	05 90       	lpm	r0, Z+
     f4a:	07 94       	ror	r0
     f4c:	28 f4       	brcc	.+10     	; 0xf58 <__ftoa_engine+0xb8>
     f4e:	f8 0e       	add	r15, r24
     f50:	49 1f       	adc	r20, r25
     f52:	56 1f       	adc	r21, r22
     f54:	c7 1f       	adc	r28, r23
     f56:	d1 1d       	adc	r29, r1
     f58:	88 0f       	add	r24, r24
     f5a:	99 1f       	adc	r25, r25
     f5c:	66 1f       	adc	r22, r22
     f5e:	77 1f       	adc	r23, r23
     f60:	06 94       	lsr	r0
     f62:	a1 f7       	brne	.-24     	; 0xf4c <__ftoa_engine+0xac>
     f64:	05 90       	lpm	r0, Z+
     f66:	07 94       	ror	r0
     f68:	20 f4       	brcc	.+8      	; 0xf72 <__ftoa_engine+0xd2>
     f6a:	49 0f       	add	r20, r25
     f6c:	56 1f       	adc	r21, r22
     f6e:	c7 1f       	adc	r28, r23
     f70:	d8 1f       	adc	r29, r24
     f72:	99 0f       	add	r25, r25
     f74:	66 1f       	adc	r22, r22
     f76:	77 1f       	adc	r23, r23
     f78:	88 1f       	adc	r24, r24
     f7a:	06 94       	lsr	r0
     f7c:	a9 f7       	brne	.-22     	; 0xf68 <__ftoa_engine+0xc8>
     f7e:	84 91       	lpm	r24, Z
     f80:	10 95       	com	r17
     f82:	17 70       	andi	r17, 0x07	; 7
     f84:	41 f0       	breq	.+16     	; 0xf96 <__ftoa_engine+0xf6>
     f86:	d6 95       	lsr	r29
     f88:	c7 95       	ror	r28
     f8a:	57 95       	ror	r21
     f8c:	47 95       	ror	r20
     f8e:	f7 94       	ror	r15
     f90:	e7 94       	ror	r14
     f92:	1a 95       	dec	r17
     f94:	c1 f7       	brne	.-16     	; 0xf86 <__ftoa_engine+0xe6>
     f96:	e4 ed       	ldi	r30, 0xD4	; 212
     f98:	f0 e0       	ldi	r31, 0x00	; 0
     f9a:	68 94       	set
     f9c:	15 90       	lpm	r1, Z+
     f9e:	15 91       	lpm	r17, Z+
     fa0:	35 91       	lpm	r19, Z+
     fa2:	65 91       	lpm	r22, Z+
     fa4:	95 91       	lpm	r25, Z+
     fa6:	05 90       	lpm	r0, Z+
     fa8:	7f e2       	ldi	r23, 0x2F	; 47
     faa:	73 95       	inc	r23
     fac:	e1 18       	sub	r14, r1
     fae:	f1 0a       	sbc	r15, r17
     fb0:	43 0b       	sbc	r20, r19
     fb2:	56 0b       	sbc	r21, r22
     fb4:	c9 0b       	sbc	r28, r25
     fb6:	d0 09       	sbc	r29, r0
     fb8:	c0 f7       	brcc	.-16     	; 0xfaa <__ftoa_engine+0x10a>
     fba:	e1 0c       	add	r14, r1
     fbc:	f1 1e       	adc	r15, r17
     fbe:	43 1f       	adc	r20, r19
     fc0:	56 1f       	adc	r21, r22
     fc2:	c9 1f       	adc	r28, r25
     fc4:	d0 1d       	adc	r29, r0
     fc6:	7e f4       	brtc	.+30     	; 0xfe6 <__ftoa_engine+0x146>
     fc8:	70 33       	cpi	r23, 0x30	; 48
     fca:	11 f4       	brne	.+4      	; 0xfd0 <__ftoa_engine+0x130>
     fcc:	8a 95       	dec	r24
     fce:	e6 cf       	rjmp	.-52     	; 0xf9c <__ftoa_engine+0xfc>
     fd0:	e8 94       	clt
     fd2:	01 50       	subi	r16, 0x01	; 1
     fd4:	30 f0       	brcs	.+12     	; 0xfe2 <__ftoa_engine+0x142>
     fd6:	08 0f       	add	r16, r24
     fd8:	0a f4       	brpl	.+2      	; 0xfdc <__ftoa_engine+0x13c>
     fda:	00 27       	eor	r16, r16
     fdc:	02 17       	cp	r16, r18
     fde:	08 f4       	brcc	.+2      	; 0xfe2 <__ftoa_engine+0x142>
     fe0:	20 2f       	mov	r18, r16
     fe2:	23 95       	inc	r18
     fe4:	02 2f       	mov	r16, r18
     fe6:	7a 33       	cpi	r23, 0x3A	; 58
     fe8:	28 f0       	brcs	.+10     	; 0xff4 <__ftoa_engine+0x154>
     fea:	79 e3       	ldi	r23, 0x39	; 57
     fec:	7d 93       	st	X+, r23
     fee:	2a 95       	dec	r18
     ff0:	e9 f7       	brne	.-6      	; 0xfec <__ftoa_engine+0x14c>
     ff2:	10 c0       	rjmp	.+32     	; 0x1014 <__ftoa_engine+0x174>
     ff4:	7d 93       	st	X+, r23
     ff6:	2a 95       	dec	r18
     ff8:	89 f6       	brne	.-94     	; 0xf9c <__ftoa_engine+0xfc>
     ffa:	06 94       	lsr	r0
     ffc:	97 95       	ror	r25
     ffe:	67 95       	ror	r22
    1000:	37 95       	ror	r19
    1002:	17 95       	ror	r17
    1004:	17 94       	ror	r1
    1006:	e1 18       	sub	r14, r1
    1008:	f1 0a       	sbc	r15, r17
    100a:	43 0b       	sbc	r20, r19
    100c:	56 0b       	sbc	r21, r22
    100e:	c9 0b       	sbc	r28, r25
    1010:	d0 09       	sbc	r29, r0
    1012:	98 f0       	brcs	.+38     	; 0x103a <__ftoa_engine+0x19a>
    1014:	23 95       	inc	r18
    1016:	7e 91       	ld	r23, -X
    1018:	73 95       	inc	r23
    101a:	7a 33       	cpi	r23, 0x3A	; 58
    101c:	08 f0       	brcs	.+2      	; 0x1020 <__ftoa_engine+0x180>
    101e:	70 e3       	ldi	r23, 0x30	; 48
    1020:	7c 93       	st	X, r23
    1022:	20 13       	cpse	r18, r16
    1024:	b8 f7       	brcc	.-18     	; 0x1014 <__ftoa_engine+0x174>
    1026:	7e 91       	ld	r23, -X
    1028:	70 61       	ori	r23, 0x10	; 16
    102a:	7d 93       	st	X+, r23
    102c:	30 f0       	brcs	.+12     	; 0x103a <__ftoa_engine+0x19a>
    102e:	83 95       	inc	r24
    1030:	71 e3       	ldi	r23, 0x31	; 49
    1032:	7d 93       	st	X+, r23
    1034:	70 e3       	ldi	r23, 0x30	; 48
    1036:	2a 95       	dec	r18
    1038:	e1 f7       	brne	.-8      	; 0x1032 <__ftoa_engine+0x192>
    103a:	11 24       	eor	r1, r1
    103c:	ef 90       	pop	r14
    103e:	ff 90       	pop	r15
    1040:	0f 91       	pop	r16
    1042:	1f 91       	pop	r17
    1044:	cf 91       	pop	r28
    1046:	df 91       	pop	r29
    1048:	99 27       	eor	r25, r25
    104a:	87 fd       	sbrc	r24, 7
    104c:	90 95       	com	r25
    104e:	08 95       	ret

00001050 <strnlen_P>:
    1050:	fc 01       	movw	r30, r24
    1052:	05 90       	lpm	r0, Z+
    1054:	61 50       	subi	r22, 0x01	; 1
    1056:	70 40       	sbci	r23, 0x00	; 0
    1058:	01 10       	cpse	r0, r1
    105a:	d8 f7       	brcc	.-10     	; 0x1052 <strnlen_P+0x2>
    105c:	80 95       	com	r24
    105e:	90 95       	com	r25
    1060:	8e 0f       	add	r24, r30
    1062:	9f 1f       	adc	r25, r31
    1064:	08 95       	ret

00001066 <strnlen>:
    1066:	fc 01       	movw	r30, r24
    1068:	61 50       	subi	r22, 0x01	; 1
    106a:	70 40       	sbci	r23, 0x00	; 0
    106c:	01 90       	ld	r0, Z+
    106e:	01 10       	cpse	r0, r1
    1070:	d8 f7       	brcc	.-10     	; 0x1068 <strnlen+0x2>
    1072:	80 95       	com	r24
    1074:	90 95       	com	r25
    1076:	8e 0f       	add	r24, r30
    1078:	9f 1f       	adc	r25, r31
    107a:	08 95       	ret

0000107c <fputc>:
    107c:	0f 93       	push	r16
    107e:	1f 93       	push	r17
    1080:	cf 93       	push	r28
    1082:	df 93       	push	r29
    1084:	fb 01       	movw	r30, r22
    1086:	23 81       	ldd	r18, Z+3	; 0x03
    1088:	21 fd       	sbrc	r18, 1
    108a:	03 c0       	rjmp	.+6      	; 0x1092 <fputc+0x16>
    108c:	8f ef       	ldi	r24, 0xFF	; 255
    108e:	9f ef       	ldi	r25, 0xFF	; 255
    1090:	2c c0       	rjmp	.+88     	; 0x10ea <fputc+0x6e>
    1092:	22 ff       	sbrs	r18, 2
    1094:	16 c0       	rjmp	.+44     	; 0x10c2 <fputc+0x46>
    1096:	46 81       	ldd	r20, Z+6	; 0x06
    1098:	57 81       	ldd	r21, Z+7	; 0x07
    109a:	24 81       	ldd	r18, Z+4	; 0x04
    109c:	35 81       	ldd	r19, Z+5	; 0x05
    109e:	42 17       	cp	r20, r18
    10a0:	53 07       	cpc	r21, r19
    10a2:	44 f4       	brge	.+16     	; 0x10b4 <fputc+0x38>
    10a4:	a0 81       	ld	r26, Z
    10a6:	b1 81       	ldd	r27, Z+1	; 0x01
    10a8:	9d 01       	movw	r18, r26
    10aa:	2f 5f       	subi	r18, 0xFF	; 255
    10ac:	3f 4f       	sbci	r19, 0xFF	; 255
    10ae:	31 83       	std	Z+1, r19	; 0x01
    10b0:	20 83       	st	Z, r18
    10b2:	8c 93       	st	X, r24
    10b4:	26 81       	ldd	r18, Z+6	; 0x06
    10b6:	37 81       	ldd	r19, Z+7	; 0x07
    10b8:	2f 5f       	subi	r18, 0xFF	; 255
    10ba:	3f 4f       	sbci	r19, 0xFF	; 255
    10bc:	37 83       	std	Z+7, r19	; 0x07
    10be:	26 83       	std	Z+6, r18	; 0x06
    10c0:	14 c0       	rjmp	.+40     	; 0x10ea <fputc+0x6e>
    10c2:	8b 01       	movw	r16, r22
    10c4:	ec 01       	movw	r28, r24
    10c6:	fb 01       	movw	r30, r22
    10c8:	00 84       	ldd	r0, Z+8	; 0x08
    10ca:	f1 85       	ldd	r31, Z+9	; 0x09
    10cc:	e0 2d       	mov	r30, r0
    10ce:	09 95       	icall
    10d0:	89 2b       	or	r24, r25
    10d2:	e1 f6       	brne	.-72     	; 0x108c <fputc+0x10>
    10d4:	d8 01       	movw	r26, r16
    10d6:	16 96       	adiw	r26, 0x06	; 6
    10d8:	8d 91       	ld	r24, X+
    10da:	9c 91       	ld	r25, X
    10dc:	17 97       	sbiw	r26, 0x07	; 7
    10de:	01 96       	adiw	r24, 0x01	; 1
    10e0:	17 96       	adiw	r26, 0x07	; 7
    10e2:	9c 93       	st	X, r25
    10e4:	8e 93       	st	-X, r24
    10e6:	16 97       	sbiw	r26, 0x06	; 6
    10e8:	ce 01       	movw	r24, r28
    10ea:	df 91       	pop	r29
    10ec:	cf 91       	pop	r28
    10ee:	1f 91       	pop	r17
    10f0:	0f 91       	pop	r16
    10f2:	08 95       	ret

000010f4 <sprintf>:
    10f4:	ae e0       	ldi	r26, 0x0E	; 14
    10f6:	b0 e0       	ldi	r27, 0x00	; 0
    10f8:	e0 e8       	ldi	r30, 0x80	; 128
    10fa:	f8 e0       	ldi	r31, 0x08	; 8
    10fc:	0c 94 27 07 	jmp	0xe4e	; 0xe4e <__prologue_saves__+0x1c>
    1100:	0d 89       	ldd	r16, Y+21	; 0x15
    1102:	1e 89       	ldd	r17, Y+22	; 0x16
    1104:	86 e0       	ldi	r24, 0x06	; 6
    1106:	8c 83       	std	Y+4, r24	; 0x04
    1108:	1a 83       	std	Y+2, r17	; 0x02
    110a:	09 83       	std	Y+1, r16	; 0x01
    110c:	8f ef       	ldi	r24, 0xFF	; 255
    110e:	9f e7       	ldi	r25, 0x7F	; 127
    1110:	9e 83       	std	Y+6, r25	; 0x06
    1112:	8d 83       	std	Y+5, r24	; 0x05
    1114:	ae 01       	movw	r20, r28
    1116:	47 5e       	subi	r20, 0xE7	; 231
    1118:	5f 4f       	sbci	r21, 0xFF	; 255
    111a:	6f 89       	ldd	r22, Y+23	; 0x17
    111c:	78 8d       	ldd	r23, Y+24	; 0x18
    111e:	ce 01       	movw	r24, r28
    1120:	01 96       	adiw	r24, 0x01	; 1
    1122:	0e 94 9c 03 	call	0x738	; 0x738 <vfprintf>
    1126:	ef 81       	ldd	r30, Y+7	; 0x07
    1128:	f8 85       	ldd	r31, Y+8	; 0x08
    112a:	e0 0f       	add	r30, r16
    112c:	f1 1f       	adc	r31, r17
    112e:	10 82       	st	Z, r1
    1130:	2e 96       	adiw	r28, 0x0e	; 14
    1132:	e4 e0       	ldi	r30, 0x04	; 4
    1134:	0c 94 43 07 	jmp	0xe86	; 0xe86 <__epilogue_restores__+0x1c>

00001138 <__ultoa_invert>:
    1138:	fa 01       	movw	r30, r20
    113a:	aa 27       	eor	r26, r26
    113c:	28 30       	cpi	r18, 0x08	; 8
    113e:	51 f1       	breq	.+84     	; 0x1194 <__ultoa_invert+0x5c>
    1140:	20 31       	cpi	r18, 0x10	; 16
    1142:	81 f1       	breq	.+96     	; 0x11a4 <__ultoa_invert+0x6c>
    1144:	e8 94       	clt
    1146:	6f 93       	push	r22
    1148:	6e 7f       	andi	r22, 0xFE	; 254
    114a:	6e 5f       	subi	r22, 0xFE	; 254
    114c:	7f 4f       	sbci	r23, 0xFF	; 255
    114e:	8f 4f       	sbci	r24, 0xFF	; 255
    1150:	9f 4f       	sbci	r25, 0xFF	; 255
    1152:	af 4f       	sbci	r26, 0xFF	; 255
    1154:	b1 e0       	ldi	r27, 0x01	; 1
    1156:	3e d0       	rcall	.+124    	; 0x11d4 <__ultoa_invert+0x9c>
    1158:	b4 e0       	ldi	r27, 0x04	; 4
    115a:	3c d0       	rcall	.+120    	; 0x11d4 <__ultoa_invert+0x9c>
    115c:	67 0f       	add	r22, r23
    115e:	78 1f       	adc	r23, r24
    1160:	89 1f       	adc	r24, r25
    1162:	9a 1f       	adc	r25, r26
    1164:	a1 1d       	adc	r26, r1
    1166:	68 0f       	add	r22, r24
    1168:	79 1f       	adc	r23, r25
    116a:	8a 1f       	adc	r24, r26
    116c:	91 1d       	adc	r25, r1
    116e:	a1 1d       	adc	r26, r1
    1170:	6a 0f       	add	r22, r26
    1172:	71 1d       	adc	r23, r1
    1174:	81 1d       	adc	r24, r1
    1176:	91 1d       	adc	r25, r1
    1178:	a1 1d       	adc	r26, r1
    117a:	20 d0       	rcall	.+64     	; 0x11bc <__ultoa_invert+0x84>
    117c:	09 f4       	brne	.+2      	; 0x1180 <__ultoa_invert+0x48>
    117e:	68 94       	set
    1180:	3f 91       	pop	r19
    1182:	2a e0       	ldi	r18, 0x0A	; 10
    1184:	26 9f       	mul	r18, r22
    1186:	11 24       	eor	r1, r1
    1188:	30 19       	sub	r19, r0
    118a:	30 5d       	subi	r19, 0xD0	; 208
    118c:	31 93       	st	Z+, r19
    118e:	de f6       	brtc	.-74     	; 0x1146 <__ultoa_invert+0xe>
    1190:	cf 01       	movw	r24, r30
    1192:	08 95       	ret
    1194:	46 2f       	mov	r20, r22
    1196:	47 70       	andi	r20, 0x07	; 7
    1198:	40 5d       	subi	r20, 0xD0	; 208
    119a:	41 93       	st	Z+, r20
    119c:	b3 e0       	ldi	r27, 0x03	; 3
    119e:	0f d0       	rcall	.+30     	; 0x11be <__ultoa_invert+0x86>
    11a0:	c9 f7       	brne	.-14     	; 0x1194 <__ultoa_invert+0x5c>
    11a2:	f6 cf       	rjmp	.-20     	; 0x1190 <__ultoa_invert+0x58>
    11a4:	46 2f       	mov	r20, r22
    11a6:	4f 70       	andi	r20, 0x0F	; 15
    11a8:	40 5d       	subi	r20, 0xD0	; 208
    11aa:	4a 33       	cpi	r20, 0x3A	; 58
    11ac:	18 f0       	brcs	.+6      	; 0x11b4 <__ultoa_invert+0x7c>
    11ae:	49 5d       	subi	r20, 0xD9	; 217
    11b0:	31 fd       	sbrc	r19, 1
    11b2:	40 52       	subi	r20, 0x20	; 32
    11b4:	41 93       	st	Z+, r20
    11b6:	02 d0       	rcall	.+4      	; 0x11bc <__ultoa_invert+0x84>
    11b8:	a9 f7       	brne	.-22     	; 0x11a4 <__ultoa_invert+0x6c>
    11ba:	ea cf       	rjmp	.-44     	; 0x1190 <__ultoa_invert+0x58>
    11bc:	b4 e0       	ldi	r27, 0x04	; 4
    11be:	a6 95       	lsr	r26
    11c0:	97 95       	ror	r25
    11c2:	87 95       	ror	r24
    11c4:	77 95       	ror	r23
    11c6:	67 95       	ror	r22
    11c8:	ba 95       	dec	r27
    11ca:	c9 f7       	brne	.-14     	; 0x11be <__ultoa_invert+0x86>
    11cc:	00 97       	sbiw	r24, 0x00	; 0
    11ce:	61 05       	cpc	r22, r1
    11d0:	71 05       	cpc	r23, r1
    11d2:	08 95       	ret
    11d4:	9b 01       	movw	r18, r22
    11d6:	ac 01       	movw	r20, r24
    11d8:	0a 2e       	mov	r0, r26
    11da:	06 94       	lsr	r0
    11dc:	57 95       	ror	r21
    11de:	47 95       	ror	r20
    11e0:	37 95       	ror	r19
    11e2:	27 95       	ror	r18
    11e4:	ba 95       	dec	r27
    11e6:	c9 f7       	brne	.-14     	; 0x11da <__ultoa_invert+0xa2>
    11e8:	62 0f       	add	r22, r18
    11ea:	73 1f       	adc	r23, r19
    11ec:	84 1f       	adc	r24, r20
    11ee:	95 1f       	adc	r25, r21
    11f0:	a0 1d       	adc	r26, r0
    11f2:	08 95       	ret

000011f4 <_exit>:
    11f4:	f8 94       	cli

000011f6 <__stop_program>:
    11f6:	ff cf       	rjmp	.-2      	; 0x11f6 <__stop_program>
